CMTE_ID,CMTE_NM,TRES_NM,CMTE_ST1,CMTE_ST2,CMTE_CITY,CMTE_ST,CMTE_ZIP,CMTE_DSGN,CMTE_TP,CMTE_PTY_AFFILIATION,CMTE_FILING_FREQ,ORG_TP,CONNECTED_ORG_NM,CAND_ID
C00461129,"RGA REINSURANCE COMPANY FEDERAL PAC","ZIMMERMAN, KENT","16600 SWINGLEY RIDGE ROAD",,CHESTERFIELD,MO,63017,U,Q,,M,C,,
C00160986,"KUTAK ROCK & HUIE POLITICAL ACTION COMMITTEE","YOUNG, VICKI L","1650 FARNAM STREET",,OMAHA,NE,68102,U,Q,,M,W,,
C00008474,"CITIGROUP INC. POLITICAL ACTION COMMITTEE - FEDERAL (CITIGROUP PAC-FEDERAL)","YOO, JULIA","1101 PENNSYLVANIA AVENUE NW #1000",,WASHINGTON,DC,20004,B,Q,,M,C,"CITIGROUP INC.",
C00393769,"OCEAN CHAMPIONS POLITICAL ACTION COMMITTEE","WILMOT, DAVID","202 SAN JOSE AVENUE",,CAPITOLA,CA,95010,B,Q,,M,M,"OCEAN CHAMPIONS",
C00280909,"TRANSPORTATION TRADES DEPARTMENT AFL-CIO POLITICAL ACTION COMMITTEE (TTD/PAC)","WILLIS, LAWRENCE I.","815 16TH ST NW","4TH FLOOR",WASHINGTON,DC,20006,B,Q,,M,L,NONE,
C00417733,"DEMOCRATS FOR EDUCATION REFORM","WILLIAMS, JOE","840 FIRST STREET NE, 3RD FLOOR",,WASHINGTON,DC,20002,U,Q,,M,,NONE,
C00176214,"INTERNATIONAL LONGSHORE AND WAREHOUSE UNION -- POLITICAL ACTION FUND","WILLIAM E.  ADAMS","1188 FRANKLIN STREET",,"SAN FRANCISCO",CA,94109,B,Q,,M,L,,
C00082792,"ELI LILLY AND COMPANY POLITICAL ACTION COMMITTEE","WIGGINS PAYNE, KELLY","LILLY CORPORATE CENTER",,INDIANAPOLIS,IN,46285,B,Q,,M,C,"ELI LILLY AND COMPANY",
C00211524,"TEXAS AND SOUTHWESTERN CATTLE RAISERS ASSOCIATION PAC","WHITE, ELDON MR.","1301 W SEVENTH ST.","SUITE 201","FORT WORTH",TX,76102,U,Q,,M,T,"TEXAS AND SOUTHWESTERN CATTLE RAISERS ASSOCIATION",
C00555888,"FRIENDS OF DON BEYER","WHIPPLE, MARY MARGARET MS.","1751 POTOMAC GREENS DRIVE",,ALEXANDRIA,VA,22314,P,H,DEM,Q,,NONE,H4VA08224
C00002972,"THE NATIONAL RURAL ELECTRIC COOPERATIVE ASSOCIATION ACTION COMMITTEE FOR RURAL ELECTRIFICATION (ACRE)","WHELAN, MICHAEL E","4301 WILSON BOULEVARD",,ARLINGTON,VA,222031860,B,Q,,M,T,"NATIONAL RURAL ELECTRIC COOPERATIVE",
C00340943,"DAVITA INC. POLITICAL ACTION COMMITTEE (DAPAC)","WHATCOTT, LIN DAVID","32275 32ND AVE, S.",,"FEDERAL WAY",WA,98001,B,Q,,M,C,"DAVITA INC.",
C00257329,"THE PROCTER & GAMBLE COMPANY GOOD GOVERNMENT FUND","WHALEY, SUSAN","ONE PROCTER & GAMBLE PLAZA",,CINCINNATI,OH,45202,B,Q,,M,C,"THE PROCTER & GAMBLE COMPANY",
C00012328,"FLORIDA SUGAR CANE LEAGUE PAC","WESTON, RYAN","1301 PENNSYLVANIA AVE NW STE 401",,WASHINGTON,DC,20004,B,Q,UNK,M,T,"FLORIDA SUGAR CANE LEAGUE",
C00363317,"JERRY'S POLITICAL ACTION COMMITTEE (JERRY'S PAC)","WEISSMAN, LEWIS","VILLAGE STATION, PO BOX 19",,"NEW YORK",NY,10014,D,Q,DEM,M,,"NADLER FOR CONGRESS - REP. JERROLD NADLER",
C00241349,"MORAN FOR CONGRESS","WEISSBERG, MARVIN F.","PO BOX 83142",,GAITHERSBURG,MD,20883,P,H,DEM,Q,,NONE,H0VA08040
C00469163,"TED DEUTCH FOR CONGRESS COMMITTEE","WEINSTOCK, JEFFREY","1050 17TH ST, NW, STE 590",,WASHINGTON,DC,20036,P,H,DEM,Q,,,H0FL19080
C00363879,"ENTERGY CORPORATION POLITICAL ACTION COMMITTEE (ENPAC)","WEINSTEIN, ANDREA","425 WEST CAPITOL AVENUE, STE24B",,"LITTLE ROCK",AR,72201,B,Q,,M,C,"ENTERGY CORPORATION",
C00002881,"TRUCKING POLITICAL ACTION COMMITTEE OF THE AMERICAN TRUCKING ASSOCIATIONS INC.","WEINRICH-LUCHT, DONNA","430 FIRST STREET SE",,WASHINGTON,DC,200031875,B,Q,UNK,M,T,"AMERICAN TRUCKING ASSOCIATIONS INC.",
C00336057,"US CELLULAR POLITICAL ACTION COMMITTEE","WEBER, THOMAS S.","8410 W. BRYN MAWR",,CHICAGO,IL,60631,B,Q,,M,C,,
C00064766,"UNITED PARCEL SERVICE INC. PAC","WARD, SUSAN F","55 GLENLAKE PARKWAY NE",,ATLANTA,GA,30328,B,Q,,M,C,"UNITED PARCEL SERVICE INC.",
C00161414,"PROTECTIVE LIFE CORPORATION FEDERAL PAC","WALKER, STEVEN","P.O. BOX 2606",,BIRMINGHAM,AL,35202,U,Q,,M,C,"PROTECTIVE LIFE CORPORATION",
C00147066,"AMERICAN COUNCIL OF LIFE INSURERS POLITICAL ACTION COMMITTEE","WALKER, DONALD L. MR.","101 CONSTITUTION AVE., NW","SUITE 700",WASHINGTON,DC,20001,B,Q,,M,T,"AMERICAN COUNCIL OF LIFE INSURERS",
C00429787,"UNITED FOR PROGRESS LEADERSHIP COMMITTEE","WAGNER, DAVID MR.","PO BOX 285",,MASCOUTAH,IL,62258,D,N,,M,,NONE,
C00307249,"CITIZENS FINANCIAL GROUP, INC. POLITICAL ACTION COMMITTEE (CITIZENS PAC)","W., KENNETH ROBINSON","C/O KENNETH W. ROBINSON, TREASURER","ONE CITIZENS PLAZA, 12TH FLOOR",PROVIDENCE,RI,02903,B,Q,,M,C,"CITIZENS FINANCIAL GROUP, INC.",
C00486217,"LPL FINANCIAL LLC POLITICAL ACTION COMMITTEE (LPL PAC)","VOCK, SCOTT","75 STATE STREET","24TH FLOOR",BOSTON,MA,02109,B,Q,,M,C,"LPL FINANCIAL LLC",
C00497933,"CASTRO FOR CONGRESS","VILLAREAL, JOSE H. MR.","PO BOX 544",,"SAN ANTONIO",TX,78292,P,H,DEM,Q,,NONE,H2TX35011
C00004473,"NATIONAL TELECOMMUNICATIONS COOPERATIVE ASSOCIATION RURAL BROADBAND PAC","VIANDS, MICHAEL","4121 WILSON BLVD.","10TH FLOOR",ARLINGTON,VA,22203,B,Q,,M,T,"NATIONAL TELECOMMUNICATIONS COOPERATIVE ASSOCIATION",
C00339291,"TIME WARNER INC. PAC","VEST, STEVE","800 CONNECTICUT AVE., NW","SUITE 1200",WASHINGTON,DC,20006,B,Q,,M,C,"TIME WARNER INC.",
C00000984,"UNITED STATES TELECOM ASSOCIATION POLITICAL ACTION COMMITTEE (TELECOMPAC)","VERSAGGI, SARAH","607 14TH STREET NORTHWEST","SUITE 400",WASHINGTON,DC,20005,B,Q,UNK,M,T,"UNITED STATES TELECOM ASSOCIATION",
C00255257,"AMERICAN MOVING AND STORAGE ASSOCIATION INC POLITICAL ACTION COMMITTEE (AMPAC)","VEONI, DANIEL R","1611 DUKE STREET",,ALEXANDRIA,VA,223143406,B,Q,,Q,T,"AMERICAN MOVING AND STORAGE ASSOCIATION, INC.",
C00513531,"FILEMON VELA FOR CONGRESS","VELA, MARY JO","10715 GULFDALE ST","STE 235","SAN ANTONIO",TX,78216,P,H,DEM,Q,,NONE,H2TX27190
C00355941,"TW TELECOM INC. POLITICAL ACTION CMTE","VEGLIANTE, REGGIE","1025 EL DORADO BLVD.",,BROOMFIELD,CO,80021,B,Q,,T,C,,
C00275909,"ROBINS KAPLAN PAC","VAUGHN, BRANDON E.","800 LASALLE AVE.","SUITE 2800",MINNEAPOLIS,MN,55402,U,Q,,Q,,NONE,
C00239848,"NUCLEAR ENERGY INSTITUTE FEDERAL POLITICAL ACTION COMMITTEE","VAN VARICK, LISA","1201 F ST NW","SUITE 1100",WASHINGTON,DC,20004,B,Q,,M,T,"NUCLEAR ENERGY INSTITUTE",
C00279380,"DISTRICT NO. 1-PCD, MARINE ENGINEERS' BENEFICIAL ASSOC. - POLITICAL ACTION FUND (MEBA-PAF)","VAN LOO, BILL","444 NORTH CAPITOL STREET, NW","SUITE 800",WASHINGTON,DC,200011570,B,Q,,M,L,"DISTRICT NO.1-PCD, MEBA (MARINE ENGINEERS' BENEFICIAL ASSOCIATION)",
C00083535,"DUKE ENERGY CORPORATION PAC","VALENTI, LAWRENCE","550 SOUTH TRYON STREET",,CHARLOTTE,NC,28202,B,Q,,M,C,"DUKE ENERGY CORPORATION",
C00024521,"AMERICAN ASSOCIATION FOR JUSTICE POLITICAL ACTION COMMITTEE (AAJ PAC)","TUREEN, HEATHER","777 6TH STREET, NW","SUITE 200",WASHINGTON,DC,20001,B,Q,UNK,M,M,"AMERICAN ASSOCIATION FOR JUSTICE",
C00448472,"BRINGING LEADERSHIP BACK PAC","TULLY, ROBERT","PO BOX 938",,"DES MOINES",IA,50304,D,Q,,T,,,
C00390351,"BIOGEN, INC. POLITICAL ACTION COMMITTEE A.K.A. 'BIOGEN PAC'","TREGONING, KATHLEEN MS.","225 BINNEY STREET",,CAMBRIDGE,MA,02142,B,Q,,M,C,"BIOGEN, INC.",
C00403881,"AMERICAN COLLEGE OF PHYSICIAN SERVICES INC PAC; AKA ACP SERVICES PAC","TRACHTMAN, RICHARD ESQ","25 MASSACHUSETTS AVE, NW","SUITE 700",WASHINGTON,DC,200017401,B,Q,,M,T,"AMERICAN COLLEGE OF PHYSICIAN SERVICES, INC",
C00339085,"QUALCOMM INCORPORATED POLITICAL ACTION COMMITTEE (QPAC)","TORNQUIST, ALICE R","1730 PENNSYLVANIA AVE. NW","SUITE 850",WASHINGTON,DC,20006,B,Q,,M,C,"QUALCOMM INCORPORATED",
C00064774,"NEXTERA ENERGY, INC. POLITICAL ACTION COMMITTEE","TOBIN, BRIAN","801 PENNSYLVANIA AVE., NW","SUITE 220",WASHINGTON,DC,20004,B,Q,,M,C,"NEXTERA ENERGY, INC.",
C00497917,"DEPOSITORY TRUST AND CLEARING CORPORATION PAC - DTCC PAC; THE","THOMPSON, LARRY E.","1455 PENNSYLVANIA AVE., NW","SUITE 725",WASHINGTON,DC,20005,U,Q,,M,C,,
C00462879,"EXPEDIA INC POLITICAL ACTION COMMITEE","THOMPSON, BRENT","333 108TH AVENUE NE",,BELLEVUE,WA,98004,B,N,,Q,C,"EXPEDIA, INC.",
C00039321,"PEPSICO, INC. CONCERNED CITIZENS FUND","THOMPSON JR, KENNETH D MR.","700 ANDERSON HILL ROAD",,PURCHASE,NY,10577,B,Q,NNE,M,C,"PEPSICO, INC.",
C00149013,"FULBRIGHT & JAWORSKI L L P FEDERAL COMMITTEE","THOMAS, NEIL","1301 MCKINNEY SUITE 5100",,HOUSTON,TX,77010,U,Q,,M,M,"FULBRIGHT & JAWORSKI LLP",
C00255752,"AMERICAN SOCIETY OF ANESTHESIOLOGISTS POLITICAL ACTION COMMITTEE","THOMAS CONWAY","1061 AMERICAN LANE",,SCHAUMBURG,IL,60173,B,Q,,M,T,,
C00106740,"AMERICAS HEALTH INSURANCE PLANS PAC (AHIP PAC)","TAVENNER, MARILYN B.","601 PENNSYLVANIA AVENUE, NW","SOUTH BUILDING, SUITE 500",WASHINGTON,DC,20004,B,Q,,M,T,"AMERICAS HEALTH INSURANCE PLANS",
C00005249,"NATIONAL ASSOCIATION OF INSURANCE AND FINANCIAL ADVISORS POLITICAL ACTION COMM","TASSEY, S. MATTHEW","2901 TELESTAR CT.",,"FALLS CHURCH",VA,22042,B,Q,UNK,M,M,"NATIONAL ASSOCIATION OF INSURANCE AND FINANCIAL ADVISORS",
C00025395,"PUBLIC SERVICE COMPANY OF NEW MEXICO RESPONSIBLE CITIZENS GROUP","TARRY, JOSEPH DON MR.","414 SILVER SW","MS 1035",ALBUQUERQUE,NM,87158,B,Q,UNK,Q,C,"PUBLIC SERVICE COMPANY OF NEW MEXICO RESPONSIBLE CITIZENS GROUP",
C00503680,"CROP INSURANCE PROFESSIONALS ASSOCIATION PAC-CIPA PAC","TANK, JACK","316 PENNSYLVANIA AVE SE","SUITE 401",WASHINGTON,DC,20003,U,Q,,M,T,,
C00146605,"FARMERS' RICE COOPERATIVE FUND","TANIMOTO, BILL","P.O. BOX  15223",,SACRAMENTO,CA,95851,U,Q,,M,V,"FARMERS' RICE COOPERATIVE FUND",
C00429662,"SPECTRA ENERGY CORP POLITICAL ACTION COMMITTEE (SPECTRA-DCP PAC)","TALWAR, RITU K","5400 WESTHEIMER COURT",,HOUSTON,TX,77056,B,Q,,M,C,"SPECTRA ENERGY CORPORATION",
C00024869,"GENERAL ELECTRIC COMPANY POLITICAL ACTION COMMITTEE (GEPAC)","TALWAR, MARIE","1299 PENNSYLVANIA AVE NW","SUITE 900",WASHINGTON,DC,20004,B,Q,UNK,M,C,"GENERAL ELECTRIC COMPANY",
C00326595,"CAPITAL ONE FINANCIAL CORP. ASSOC. POLITICAL FUND","TALLMAN, VINCENT R","1680 CAPITAL ONE DRIVE",ATTN:12067-1600,MCLEAN,VA,22102,B,Q,,M,C,"CAPITAL ONE FINANCIAL CORP.",
C00458257,"EMPLOYEE--OWNED S CORPORATIONS OF AMERICA PAC (ESCA PAC)","TALBOY, MIKE","1341 G STREET, NW","SUITE 600",WASHINGTON,DC,20005,B,Q,,M,T,"EMPLOYEE--OWNED S CORPORATIONS OF AMERICA",
C00041038,"AVISTA EMPLOYEES FOR EFFECTIVE GOVERNMENT","TACKES, PATRICIA","P.O. BOX 3727",,SPOKANE,WA,99220,U,Q,,M,C,"AVISTA EMPLOYEES FOR EFFECTIVE GOVERNMENT",
C00342907,"MIDWEST REGION LABORERS' POLITICAL LEAGUE","T, SEAN MR. STOTT","1 NORTH OLD STATE CAPITOL PLAZA, S",,SPRINGFIELD,IL,62701,U,Q,,M,L,"LABORERS' INTERNATIONAL UNION, MIDWEST REGION",
C00213512,"NANCY PELOSI FOR CONGRESS","SWIG, STEVEN","700 13TH STREET, NW","SUITE 600",WASHINGTON,DC,20005,P,H,DEM,Q,,"NANCY PELOSI VICTORY FUND",H8CA05035
C00127258,"AIR PRODUCTS AND CHEMICALS, INC. POLITICAL ALLIANCE","SVOBODA, LINDA","P.O. BOX 441",,TREXLERTOWN,PA,18087,B,Q,,M,C,"AIR PRODUCTS AND CHEMICALS, INC.",
C00121368,"EXXON MOBIL CORPORATION POLITICAL ACTION COMMITTEE (EXXONMOBIL PAC)","SUTHERLIN, ALLAN R MR.","PO BOX 20503",,INDIANAPOLIS,IN,46220,B,Q,,M,C,"XTO ENERGY INC. FED PAC",
C00344770,"COMPTEL PAC","STROW, JULIA","1200 G STREET, NW","SUITE 350",WASHINGTON,DC,20005,B,Q,,Q,T,COMPTEL,
C00271007,"HUMANA INC. POLITICAL ACTION COMMITTEE","STOSS, DOUGLAS MR.","975 F STREET, NW","SUITE 550",WASHINGTON,DC,20004,B,Q,,M,C,"HUMANA INC.",
C00035204,"PETROLEUM MARKETERS ASSOCIATION OF AMERICAN\SMALL BUSINESS COMMITTEE","STONE, SHERRI","1901 NORTH FORT MYER DRIVE","SUITE 500",ARLINGTON,VA,222091604,U,Q,UNK,M,T,"PETROLEUM MARKETERS ASSOCIATION OF AMERICA/SMALL BUSINESS COMMITTEE",
C00101485,"ECOLAB INC. POLITICAL ACTION COMMITTEE","STONE, MICHAEL MR.","370 WABASHA STREET N.",,"ST. PAUL",MN,551021349,B,Q,,M,C,"ECOLAB INC.",
C00001388,"DAIRY FARMERS OF AMERICA, INC. - DEPAC (DAIRY EDUCATIONAL POLITICAL ACTION COMMITTEE)","STONE, J.S.","P.O. BOX 909700",,"KANSAS CITY",MO,641909700,B,Q,,M,V,"DAIRY FARMERS OF AMERICA, INC.",
C00280743,"ASSOCIATION OF AMERICAN RAILROADS POLITICAL ACTION COMMITTEE (RAILPAC)","STEVENS, MELODY","425 3RD  STREET, S..W.","SUITE 1000",WASHINGTON,DC,20024,B,Q,,Q,T,"ASSOCIATION OF AMERICAN RAILROADS",
C00211318,"DELOITTE POLITICAL ACTION COMMITTEE","STEVENS, CINDY M.","P.O. BOX 365",,WASHINGTON,DC,20044,B,Q,,M,M,,
C00338087,"L-3 COMMUNICATIONS CORPORATION POLITICAL ACTION COMMITTEE","STEPHEN M. SOUZA","600 THIRD AVENUE",,"NEW YORK",NY,10016,B,Q,,M,C,,
C00158576,"INTERNATIONAL LONGSHOREMEN'S ASSOCIATION AFL-CIO COMMITTEE ON POLITICAL EDUCATION             ILA-COPE","STEPHEN KNOTT","5000 WEST SIDE AVENUE",,"NORTH BERGEN",NJ,07047,B,Q,,M,L,,
C00002089,"COMMUNICATIONS WORKERS OF AMERICA-COPE POLITICAL CONTRIBUTIONS COMMITTEE","STEFFENS, SARA","501 THIRD STREET, NW",,WASHINGTON,DC,20001,B,Q,,M,L,"COMMUNICATIONS WORKERS OF AMERICA",
C00108035,"MCKESSON CORPORATION EMPLOYEES POLITICAL FUND","STARN, FRANK MR.","ONE POST STREET","32ND FLOOR","SAN FRANCISCO",CA,94104,B,Q,,M,C,"MCKESSON CORPORATION",
C00252338,"AMERICAN CHEMISTRY COUNCIL PAC","STARMANN, ALLISON MS.","700 2ND STREET, NE","ATTN:  ALLISON STARMANN",WASHINGTON,DC,20002,B,Q,,M,T,"AMERICAN CHEMISTRY COUNCIL",
C00194126,"BEAM SUNTORY INC POLITICAL ACTION COMMITTEE","STANTON, MATTHEW R MR.","1050 K STREET, NW","SUITE 1040",WASHINGTON,DC,20001,B,Q,,M,C,"BEAM SUNTORY INC",
C00117424,"WESTROCK POLITICAL ACTION COMMITTEE","STAKEL, JOHN D","504 THRASHER STREET",,NORCROSS,GA,30071,U,Q,,M,C,"WESTROCK COMPANY",
C00158881,"NEW YORK LIFE INSURANCE COMPANY POLITICAL ACTION COMMITTEE","STAGIAS, HELEN","51 MADISON AVENUE","ROOM 1109","NEW YORK",NY,10010,B,Q,,M,W,"NEW YORK LIFE INSURANCE COMPANY",
C00079681,"NATIONAL PROPANE GAS ASSOCIATION POLITICAL ACTION COMMITTEE","SQUAIR, PHIL MR.","1899 L STREET, NW","SUITE 350",WASHINGTON,DC,20036,B,Q,,M,T,,
C00292318,"THERMO FISHER SCIENTIFIC INC. PAC","SPELLMAN, MAURA","168 THIRD AVENUE",,WALTHAM,MA,02451,B,Q,,M,C,"THERMO FISHER SCIENTIFIC INC. PAC",
C00284810,"MARRIOTT INTERNATIONAL, INC. POLITICAL ACTION COMMITTEE","SOO-HOO, PHYLLIS MRS.","10400 FERNWOOD ROAD",,BETHESDA,MD,20817,B,Q,,Q,C,"MARRIOTT INTERNATIONAL, INC.",
C00063164,"MCDONALDS CORPORATION POLITICAL ACTION COMMITTEE","SOENKE, MIKE","2111 MCDONALDS DR","DEPT 213","OAK BROOK",IL,60523,B,Q,UNK,M,C,"MCDONALDS CORPORATION",
C00461574,"CAREER EDUCATION CORPORATION PAC (CEC PAC)","SOBOTA, MARK J. MR.","P.O. BOX 77693",,WASHINGTON,DC,20013,B,Q,,M,C,"CAREER EDUCATION CORPORATION",
C00365072,"EXPRESS SCRIPTS INC. POLITICAL FUND (A/K/A EXPRESS SCRIPTS PAC)","SMITH, TIMOTHY","300 NEW JERSEY AVENUE NW","SUITE 600",WASHINGTON,DC,20001,B,Q,,M,C,"EXPRESS SCRIPTS, INC",
C00186064,"FEDERAL BIPARTISAN VOLUNTARY PUBLIC AFFAIRS COMMITTEE OF THE PNC FINANCIAL SERVICES GROUP, INC. (PNC PAC - FED)","SMITH, SHAWN D.","249 FIFTH AVE., 21ST FLOOR",,PITTSBURGH,PA,15222,B,Q,,M,C,"THE PNC FINANCIAL SERVICES GROUP, INC.",
C00402669,"SERCO INC. POLITICAL ACTION COMMITTEE (SERCO PAC)","SMITH, DIRK","1818 LIBRARY STREET","SUITE 1000",RESTON,VA,20190,B,Q,,M,C,,
C00359075,"SMITHFIELD FOODS INC POLITICAL ACTION COMMITTEE (HAMPAC)","SKAHILL, MICHAEL","200 COMMERCE STREET",,SMITHFIELD,VA,23430,U,Q,,M,C,"SMITHFIELD FOODS INC.",
C00177436,"UNUM GROUP POLITICAL ACTION COMMITTEE (UNUMPAC)","SIMON, ELIZABETH H.","1 FOUNTAIN SQUARE",,CHATTANOOGA,TN,37402,B,Q,,M,C,"UNUM GROUP",
C00001016,"CARPENTERS LEGISLATIVE IMPROVEMENT COMMITTEE UNITED BROTHERHOOD OF CARPENTERS AND JOINERS","SILINS, ANDRIS","101 CONSTIUTION AVENUE, NW","10TH FLOOR WEST",WASHINGTON,DC,20001,B,Q,NNE,M,L,"UNITED BROTHERHOOD OF CARPENTERS AND JOINERS OF AMERICA",
C00242271,"KINDRED HEALTHCARE, INC. PAC","SIERPINA, RAYMOND","680 S. FOURTH ST.",,LOUISVILLE,KY,40202,B,Q,,M,C,"KINDRED HEALTHCARE INC.",
C00206136,"AMEREN FEDERAL POLITICAL ACTION COMMITTEE (AMERENFED PAC)","SIEDBAND, MARK MR.","1331 PENNSYLVANIA AVE., NW","SUITE 550S",WASHINGTON,DC,20004,B,Q,,M,C,"AMEREN CORPORATION",
C00219642,"ENTERPRISE HOLDINGS, INC. POLITICAL ACTION COMMITTEE","SHORT, RICK","600 CORPORATE PARK DRIVE",,"ST. LOUIS",MO,63105,B,Q,,M,C,"ENTERPRISE HOLDINGS, INC.",
C00193631,"THE FARM CREDIT COUNCIL POLITICAL ACTION COMMITTEE","SHIPP, WILLIAM JEFFRY","50 F STREET NW","SUITE 900",WASHINGTON,DC,20001,B,Q,,M,T,"THE FARM CREDIT COUNCIL",
C00274431,"UNITEDHEALTH GROUP INCORPORATED PAC (UNITED FOR HEALTH)","SHERWOOD, SUSAN","9900 BREN ROAD EAST",,MINNETONKA,MN,55343,B,Q,,M,C,"UNITEDHEALTH GROUP INCORPORATED",
C00428623,"GOOGLE INC. NETPAC","SHELTON, JOHANNA","25 MASSACHUSETTS AVE, NW","9TH FLOOR",WASHINGTON,DC,20001,B,Q,,M,C,"GOOGLE INC.",
C00557256,"MATT MILLER FOR CONGRESS 2014","SHELLY R MOSKWA","15332 ANTIOCH STREET SUITE 529",,"PACIFIC PALISADES",CA,90272,P,H,DEM,Q,,,H4CA33168
C00133389,"FUTURES INDUSTRY POLITICAL ACTION COMMITTEE","SHEETZ, GUY MR.","2001 PENNSYLVANIA AVE NW SUITE 600",,WASHINGTON,DC,20006,U,Q,,M,T,,
C00556266,"GREENLEAF FOR CONGRESS","SHARON E MANN","1501 DEARBORN ROAD",,COLUMBIA,SC,29204,P,H,DEM,T,,,H4SC02055
C00238444,"COSTELLO FOR CONGRESS COMMITTEE","SHALAPIN, MARY","PO BOX 8250",,BELLEVILLE,IL,622228250,P,H,DEM,Q,,,H8IL21021
C00567263,"GERDAU PAC","SELPH, KIMBERLY","4221 W. BOY SCOUT BLVD.","SUITE 600",TAMPA,FL,33607,U,Q,,M,C,"GERDAU AMERISTEEL US INC.",
C00256453,"REINSURANCE ASSOCIATION OF AMERICA POLITICAL ACTION COMMITTEE INC (REPAC)","SEIDEL, MARY Z. MRS.","1445 NEW YORK AVENUE NW","7TH FLOOR",WASHINGTON,DC,20005,U,Q,,Q,T,"REINSURANCE ASSOCIATION OF AMERICA",
C00021295,BRACEPAC,"SEGAL, SCOTT","2001 M STREET, NW","SUITE 900",WASHINGTON,DC,20036,B,Q,,M,C,NONE,
C00432252,"REGIONS FINANCIAL CORPORATION POLITICAL ACTION COMMITTEE","SCRIBNER, CHRIS","1015 15TH STREET NW","SUITE 920",WASHINGTON,DC,20005,B,Q,,M,C,"REGIONS FINANCIAL CORPORATION",
C00217471,"MAERSK INC. POLITICAL ACTION COMMITTEE (MAERSK PAC)","SCOTT, BRETT MICHAEL","1530 WILSON BLVD.","SUITE 650",ARLINGTON,VA,222092419,B,Q,,M,C,,
C00206177,"PIPEFITTERS LOCAL UNION #533 VOLUNTEER POLITICAL FUND","SCOTT FORBES","8600 HILLCREST ROAD",,"KANSAS CITY",MO,64138,U,Q,,Q,L,,
C00073056,"MASTERS, MATES AND PILOTS POLITICAL CONTRIBUTION FUND","SCOPELLITI, FRANK","700 MARITIME BLVD SUITE B",,"LINTHICUM HEIGHTS",MD,21090,U,Q,,M,L,IOMM&P,
C00185694,"ASSURANT INC. POLITICAL ACTION COMMITTEE","SCHWARZ, ROBERT","501 W. MICHIGAN ST",,MILWAUKEE,WI,53203,B,Q,,M,C,"ASSURANT INC.",
C00397851,"CENTENE CORPORATION POLITICAL ACTION COMMITTEE (CENTENE PAC)","SCHWANEKE, JEFFREY","CENTENE PLAZA 7700 FORSYTH BLVD.",,"ST. LOUIS",MO,63105,B,Q,,M,C,"CENTENE CORPORATION",
C00247403,NORPAC,"SCHRANZ, JOSEF MR","PO BOX 1543",,"ENGLEWOOD CLIFFS",NJ,07632,U,Q,,M,,NONE,
C00330696,"ASSOCIATED MILK PRODUCERS INC. POLITICAL ACTION COMMITTEE","SCHMIDT, SARAH","P.O. BOX 455 315 NORTH BROADWAY",,"NEW ULM",MN,56073,U,Q,NAT,M,V,NONE,
C00325332,"AMERICAN SENIORS HOUSING ASSOCIATION (SENIORS HOUSING PAC)","SCHLESS, DAVID","5225 WISCONSIN AVE., NW","SUITE 502",WASHINGTON,DC,20015,B,Q,,M,T,"AMERICAN SENIORS HOUSING ASSOCIATION",
C00364158,"THE AMERICAN CONGRESS OF OB-GYNS PAC (OB-GYN PAC)","SCHILLING, MARY","409 12TH STREET, SW",,WASHINGTON,DC,20024,B,Q,,M,M,"THE AMERICAN CONGRESS OF OB-GYNS",
C00048579,"SALT RIVER VALLEY WATER USERS' ASSOCIATION POLITICAL INVOLVEMENT COMMITTEE ( SRPPIC)","SCHAEFER, HEIDI ROWE","PO BOX 52025 ISB336",,PHOENIX,AZ,85072,B,Q,,M,C,"SALT RIVER VALLEY WATER USERS' ASSOCIATION POLITICAL INVOLVEMENT COMMITTEE ( SRPPIC)",
C00366559,"NRG ENERGY INC POLITICAL ACTION COMMITTEE (NRG PAC)","SCERBO, ALBERT","211 CARNEGIE CENTER",,PRINCETON,NJ,08540,B,Q,,M,C,,
C00436899,"AMERICAN INCOME LIFE POLITICAL ACTION COMMITTEE","SCARBOROUGH, JOEL","3700 S. STONEBRIDGE DRIVE",,MCKINNEY,TX,75070,U,Q,,M,C,"AMERICAN INCOME LIFE POLITICAL ACTION COMMITTEE",
C00343459,"AMERICAN COLLEGE OF RADIOLOGY ASSOCIATION PAC","SCANLON, MARY F MD, FACR","1891 PRESTON WHITE DRIVE",,RESTON,VA,20191,B,Q,,M,M,"AMERICAN COLLEGE OF RADIOLOGY ASSOCIATION",
C00007948,"WEYERHAEUSER COMPANY POLITICAL ACTION COMMITTEE","SAWIN, KRISTEN","220 OCCIDENTAL AVE S",,SEATTLE,WA,98104,B,Q,,M,C,"WEYERHAEUSER COMPANY",
C00084475,"3M COMPANY PAC","SARTORI, DAN P.","3M CENTER BUILDING 224-6S-03",,"ST. PAUL",MN,55144,B,Q,PAC,M,C,"3M COMPANY",
C00142596,"COMPASS BANCSHARES, INC. PAC","SANDRA H. BURSON","% SANDRA H BURSON","P O BOX 10566",BIRMINGHAM,AL,35296,U,Q,,M,C,,
C00082917,"ASSOCIATED GENERAL CONTRACTORS OF AMERICA POLITICAL ACTION COMMITTEE","SANDHERR, STEPHEN MR.","2300 WILSON BLVD.","SUITE 300",ARLINGTON,VA,222013308,B,Q,,M,T,"ASSOCIATED GENERAL CONTRACTORS OF AMERICA",
C00341602,"SOUTHWEST AIRLINES CO. FREEDOM FUND","SANCHEZ, JOSE LUIS MR","P O BOX 36611, HDQ 4GA",,DALLAS,TX,752351611,B,Q,,M,C,"SOUTHWEST AIRLINES CO",
C00131185,"AIRCRAFT OWNERS AND PILOTS ASSOCIATION POLITICAL ACTION COMMITTEE","SACCOIA, J. ERICA","421 AVIATION WAY",,FREDERICK,MD,21701,U,Q,,M,M,"AIRCRAFT OWNERS & PILOTS ASSOCIATION",
C00007922,"LABORERS' INTERNATIONAL UNION OF NORTH AMERICA (LIUNA) PAC","SABITONI, ARMAND E.","905 16TH ST., N.W.",,WASHINGTON,DC,20006,B,Q,UNK,M,L,"LABORERS' INTERNATIONAL UNION OF NORTH AMERICA",
C00361758,"T-MOBILE USA, INC.  POLITICAL ACTION COMMITTEE (T-PAC)","RUSSO, ANTHONY M.","601 PENNSYLVANIA AVENUE NW","SUITE 800 NORTH BLDG.",WASHINGTON,DC,20004,B,Q,,M,C,"T-MOBILE USA, INC.",
C00030676,"UNITED STATES STEEL CORPORATION POLITICAL ACTION COMMITTEE","RUPPEN, LORI","600 GRANT STREET, ROOM 669",,PITTSBURGH,PA,15219,U,Q,NNE,M,C,"UNITED STATES STEEL CORPORATION",
C00438754,"ENERGY TRANSFER EMPLOYEE MANAGEMENT COMPANY PAC (ENERGY TRANSFER PAC)","RUCKEL, KENDALL G","400 W. 15TH ST.","SUITE 720",AUSTIN,TX,78701,B,Q,,M,C,"ENERGY TRANSFER EMPLOYEE MANAGEMENT COMPANY",
C00183962,"BANCORP SOUTH BANK PAC FKA BANK OF MISSISSIPPI OFFICERS VOLUNTARY POLITICAL COMMITTEE","ROWE, MARTY","201 SOUTH SPRING ST","ONE MISSISSIPPI PLAZA",TUPELO,MS,38804,U,Q,,Q,C,"BANCORPSOUTH BANK",
C00196246,"AMERICAN ACADEMY OF OPHTHALMOLOGY INC POLITICAL COMMITTEE (OPHTHPAC)","ROLL, MICHAEL","655 BEACH STREET",,"SAN FRANCISCO",CA,94109,B,Q,,M,M,"AMERICAN ACADEMY OF OPHTHALMOLOGY",
C00048702,"NATIONAL GRID USA POLITICAL ACTION COMMITTEE","ROEHRENBECK, JEAN","325 7TH STREET, NW","SUITE 225",WASHINGTON,DC,20004,B,Q,,M,C,"NATIONAL GRID USA",
C00003764,"NATIONAL RESTAURANT ASSOCIATION PAC (RESTAURANT PAC)","ROEHL, DAN","2055 L STREET, NW",,WASHINGTON,DC,20036,B,Q,UNK,M,M,"NATIONAL RESTAURANT ASSOCIATION",
C00010470,"UNION PACIFIC CORP. FUND FOR EFFECTIVE GOVERNMENT","ROCK, MIKE MR.","700 13TH STREET NW, SUITE 350",,WASHINGTON,DC,20005,B,Q,UNK,M,C,"UNION PACIFIC CORPORATION",
C00079541,"NARAL PRO-CHOICE AMERICA PAC","ROBINSON, KIMBERLY","1156 15TH STREET, NW",,WASHINGTON,DC,20005,B,Q,,M,M,"NARAL PRO-CHOICE AMERICA",
C00089342,"SPRINT CORPORATION POLITICAL ACTION COMMITTEE","ROBERTSON, NEIL J.",KSOPHN0314-3B211,"6450 SPRINT PARKWAY","OVERLAND PARK",KS,66251,U,Q,,M,C,"SPRINT CORPORATION",
C00305029,"ST JUDE MEDICAL INC POLITICAL ACTION COMMITTEE","ROBERT FRENZ","ONE LILLEHEI PLAZA",,"ST PAUL",MN,55117,U,Q,,T,C,,
C00335091,"TRANSPORTATION INTERMEDIARIES ASSOCIATION'S TIAPAC","ROBERT A VOLTMANN","1625 PRINCE ST SUITE 200",,ALEXANDRIA,VA,22314,U,Q,,Q,T,"TRANSPORTATION INTERMEDIARIES ASSOCIAT",
C00197228,"ANTHEM, INC. POLITICAL ACTION COMMITTEE (ANTHEM PAC)","RIORDAN, KEVIN MR.","120 MONUMENT CIRCLE",,INDIANAPOLIS,IN,46204,B,Q,,M,C,"ANTHEM, INC.",
C00235853,"HUMAN RIGHTS CAMPAIGN PAC","RINEFIERD, JIM","1640 RHODE ISLAND AVE NW",,WASHINGTON,DC,20036,B,Q,,M,M,"HUMAN RIGHTS CAMPAIGN",
C00093963,"ARCHER DANIELS MIDLAND COMPANY-ADM PAC","RILEY, CHRISTOPHER T MR.","P.O. BOX 1470",,DECATUR,IL,625251470,U,Q,,M,C,"ARCHER DANIELS MIDLAND COMPANY-ADM PAC",
C00022343,"INDEPENDENT INSURANCE AGENTS & BROKERS OF AMERICA, INC. POLITICAL ACTION COMMITTEE (INSURPAC)","RIEDEL, NATHAN M.","20 F STREET, NW SUITE 610",,WASHINGTON,DC,20001,B,Q,,M,T,"INDEPENDENT INSURANCE AGENTS & BROKERS OF AMERICA, INC.",
C00120030,"SOCIETY OF INDEPENDENT GASOLINE MARKETERS OF AMERICA PAC","RIDER, AMY","3930 PENDER DRIVE","SUITE 340",FAIRFAX,VA,22030,U,Q,,M,T,"SOCIETY OF INDEPENDENT GASOLINE MARKETERS OF AMERICA",
C00132282,"EQUIPMENT LEASING AND FINANCE ASSN PAC (LEASEPAC)","RICHARD SHANAHAN","1825 K STREET NW SUITE 900",,WASHINGTON,DC,20006,B,Q,,M,T,,
C00011114,"AMERICAN FEDERATION OF STATE COUNTY & MUNICIPAL EMPLOYEES  P E O P L E","REYES, LAURA M.","1625 L STREET NW",,WASHINGTON,DC,20036,B,Q,UNK,M,L,,
C00098061,"TARGET CORP. CITIZENS POLITICAL FORUM (TARGETCITIZENS POLITICAL FORUM)","REYES, ISAAC","1000 NICOLLET MALL","TPN 1101",MINNEAPOLIS,MN,554032467,B,Q,,M,C,"TARGET CORPORATION",
C00023580,"NATIONAL ASSOCIATION OF LETTER CARRIERS OF U.S.A. POLITICAL FUND (LETTER CARRIER POLITICAL FUND)","RENFROE, BRIAN","100 INDIANA AVE., N. W.",,WASHINGTON,DC,20001,B,Q,UNK,M,L,"BRANCH 193 NATIONAL ASSOCIATION OF LETTER CARRIERS POLITICAL ACTION COMMITTEE",
C00251751,"LOWE'S COMPANIES, INC. POLITICAL ACTION COMMITTEE","REINS, CYNTHIA","1000 LOWE'S BOULEVARD",,MOORESVILLE,NC,28117,U,Q,,Q,C,"LOWE'S COMPANIES, INC.",
C00033589,"CORNING INCORPORATED EMPLOYEES POLITICAL ACTION COMMITTEE (COREPAC)","REGAN, TIMOTHY J.","325 7TH STREET NW","SUITE 600",WASHINGTON,DC,20004,B,Q,,M,C,"CORNING INCORPORATED",
C00032797,"NATIONAL GOOD GOVERNMENT FUND","REEDER, JAMES A. MR. JR.","1001 FANNIN","SUITE 2500",HOUSTON,TX,77002,B,Q,UNK,M,W,NONE,
C00163048,"COMMUNITY ACTION PROGRAM - POLITICAL ACTION COMMITTEE (CAP-PAC)","RAY, CLARENCE WILLIAM","1 MASSACHUSETTS AVENUE, NW","SUITE 310",WASHINGTON,DC,20001,B,Q,,M,W,"NATIONAL COMMUNITY ACTION FOUNDATION",
C00398271,"EMCARE HOLDINGS INC POLITICAL ACTION COMMITTEE","RANIERI, JOHN MR","6363 S FIDDLERS GREEN CIRCLE","14TH FLOOR","GREENWOOD VILLAGE",CO,80111,U,Q,,M,C,"AMERICAN MEDICAL RESPONSE INC POLITICAL ACTION COMMITTEE",
C00389585,"AMERICAN MEDICAL RESPONSE INC POLITICAL ACTION COMMITTEE","RANIERI, JOHN MR","6363 S FIDDLERS GREEN CIRCLE","14TH FLOOR","GREENWOOD VILLAGE",CO,80111,U,Q,,M,C,"EMCARE HOLDINGS INC POLITICAL ACTION COMMITTEE",
C00569863,"KLW POLITICAL FUND","RAMIREZ, ANTHONY","733 EAST AIRPORT AVE.","SUITE 201","BATON ROUGE",LA,70806,U,O,,Q,,NONE,
C00384818,"CVS HEALTH PAC","RAINES, BILLY","1275 PENNSYLVANIA AVENUE, NW","SUITE 700",WASHINGTON,DC,20004,B,Q,,M,C,"CVS HEALTH",
C00081356,"KEEP NICK RAHALL IN CONGRESS COMMITTEE","RAHALL, EDWARD","1801 HARPER ROAD",,BECKLEY,WV,25801,P,H,DEM,A,,,H6WV04057
C00391383,"MCKENNA LONG & ALDRIDGE LLP POLITICAL ACTION COMMITTEE","RAFSHOON, G. SCOTT","303 PEACHTREE STREET","SUITE 5300",ATLANTA,GA,30308,U,Q,,T,C,,
C00051979,"NISOURCE INC. PAC","RADULOVICH, BRETT","290 W NATIONWIDE BOULEVARD",,COLUMBUS,OH,43215,B,Q,NNE,M,C,"NISOURCE INC.",
C00479998,"TENASKA INC EMPLOYEES POLITICAL ACTION COMMITTEE","QUINN, RONALD N","14302 FNB PARKWAY",,OMAHA,NE,681545212,U,Q,,M,C,,
C00448746,"INTERNATIONAL UNION OF OPERATING ENGINEERS LOCAL 57 POLITICAL ACTION FUND","QUILLEN, TIMOTHY","141 GANO STREET",,PROVIDENCE,RI,02906,U,Q,,Q,L,"INTERNATIONAL UNION OF OPERATING ENGINEERS LOCAL 57 POLITICAL ACTION FUND",
C00144766,"NATIONAL BEER WHOLESALERS ASSOCIATION POLITICAL ACTION COMMITTEE","PURSER, CRAIG A. MR.","1101 KING STREET","SUITE 600",ALEXANDRIA,VA,22314,B,Q,,M,T,,
C00104083,"RITE AID CORPORATION PAC","PURCELL, BYRON J","30 HUNTER LANE",,"CAMP HILL",PA,17011,B,Q,,M,C,"RITE AID CORPORATION",
C00077321,"AMERICAN INSTITUTE OF CERTIFIED PUBLIC ACCOUNTANTS POLITICAL ACTION COMMITTEE","PUGLIESE, ANTHONY MR.","PALLADIAN 1","220 LEIGH FARM RD",DURHAM,NC,277078110,B,Q,,M,M,"AMERICAN INSTITUTE OF CERTIFIED PUBLIC ACCOUNTANTS",
C00271338,"AMERIPAC: THE FUND FOR A GREATER AMERICA","PRITCHARD, AMY L.","700 13TH STREET NW","SUITE 600",WASHINGTON,DC,20005,D,Q,,M,,,
C00140715,"HOYER FOR CONGRESS","PRITCHARD, AMY","700 13TH STREET NW","SUITE 600",WASHINGTON,DC,20005,P,H,DEM,Q,,"HOYER'S MAJORITY FUND",H2MD05155
C00214148,"AMERICAN PEANUT SHELLERS ASSOCIATION POLITICAL ACTION COMMITTEE","POWELL, JOHN T.","P.O. BOX 70157",,ALBANY,GA,31708,B,Q,,Q,C,"AMERICAN PEANUT SHELLERS ASSOCIATION",
C00216895,"ARNOLD & PORTER LLP PARTNERS POLITICAL ACTION COMMITTEE","PORE, DAVID","601 MASSACHUSETTS AVE. NW",,WASHINGTON,DC,200013743,B,Q,,M,M,NONE,
C00420398,"BOEHRINGER INGELHEIM USA CORPORATION POLITICAL ACTION COMMITTEE","POMER, FRANK A.","900 RIDGEBURY ROAD",,RIDGEFIELD,CT,06877,B,Q,,M,C,"BOEHRINGER INGELHEIM USA CORPORATION",
C00430884,"STATE AUTO EMPLOYEES FED PAC COMMITTEE OF STATE AUTOMOBILE MUTUAL INSURANCE COMPANY","POLLARD, LISA","518 EAST BROAD STREET",,COLUMBUS,OH,432153976,U,Q,,M,W,"STATE AUTOMOBILIE MUTUAL INSURANCE COMPANY",
C00364109,"AMERICAN CABLE ASSOCIATION INC PAC (ACA PAC)","POLKA, MATTHEW M.","875 GREENTREE ROAD","7 PARKWAY CENTER, SUITE 755",PITTSBURGH,PA,15220,B,Q,,M,T,,
C00004325,"SEAFARERS POLITICAL ACTIVITY DONATION - SEAFARERS INTERNATIONAL UNION OF NA-AGLIWD/NMU","PLOURDE, L. SUZANNE","5201 AUTH WAY",,"CAMP SPRINGS",MD,20746,U,Q,,M,L,"POLITICAL AND LEGISLATIVE ORGANIZATION ON WATCH",
C00119354,"TENET HEALTHCARE CORPORATION POLITICAL ACTION COMMITTEE","PLOTT, TODD MR.","1445 ROSS AVENUE","SUITE 1400",DALLAS,TX,752022703,B,Q,,M,C,"VANGUARD HEALTH MANAGEMENT INC. PAC",
C00450692,"POET PAC","PINKERMAN, JEFF","4615 N LEWIS AVE",,"SIOUX FALLS",SD,57104,B,Q,,M,,NONE,
C00113811,"NATIONAL ELECTRICAL CONTRACTORS ASSOCIATION POLITICAL ACTION COMMITTEE (NECAPAC)","PICKUS, TRACI M. MRS.","3 BETHESDA METRO CENTER","SUITE 1100",BETHESDA,MD,20814,B,Q,,M,T,"NATIONAL ELECTRICAL CONTRACTORS ASSOCIATION",
C00375048,"CONSUMER TECHNOLOGY ASSOCIATION PAC","PETRICONE, MICHAEL","1919 SOUTH EADS STREET",,ARLINGTON,VA,22202,B,Q,,M,T,"CONSUMER TECHNOLOGY ASSOCIATION",
C00543835,"AMPHASTAR PHARMACEUTICALS INC POLITICAL ACTION COMMITTEE (AMPHASTAR PAC)","PETERS, BILL","11570 6TH STREET",,"RANCHO CUCAMONGA",CA,91730,U,Q,,M,C,,
C00428094,"INTEGRAPAC OF INTEGRA TELECOM HOLDINGS INC","PERRY, DALE G MR","18110 SE 34TH STREET, BUILDING ONE",,VANCOUVER,WA,98683,B,Q,,M,C,"INTEGRA TELECOM HOLDINGS, INC.",
C00304832,"CONSTELLATION BRANDS INC POLITICAL ACTION COMMITTEE","PERRY HUMPHREY","207 HIGH POINT DRIVE","BUILDING 100",VICTOR,NY,14564,U,Q,,Q,C,,
C00033977,"R.R. DONNELLEY & SONS COMPANY GOOD GOVERNMENT FUND","PECARIC, JOHN","35 WEST WACKER DR.",,CHICAGO,IL,60601,U,Q,UNK,M,C,"R.R. DONNELLEY & SONS COMPANY",
C00331744,"AMERICAN DREAM PAC","PAYNE, CINDY BARBERIO","3905 TATTNALL",,SCHERTZ,TX,78154,U,Q,,T,,,
C00469205,"MEDNAX, INC. FEDERAL POLITICAL ACTION COMMITTEE","PATZ, DARREN","1301 CONCORD TERRACE",,SUNRISE,FL,333232843,U,Q,,M,C,"MEDNAX, INC.",
C00033704,"FMC CORPORATION GOOD GOVERNMENT PROGRAM","PATTISON, JOSEPH E.","1600 WILSON BOULEVARD","SUITE 700",ARLINGTON,VA,22209,B,Q,,M,C,"FMC CORPORATION",
C00089136,"ALTRIA GROUP, INC. POLITICAL ACTION COMMITTEE (ALTRIAPAC)","PARK, PHIL W.","101 CONSTITUTION AVE NW","SUITE 400W",WASHINGTON,DC,20001,B,Q,,M,C,"ALTRIA GROUP INC.",
C00478404,"BRIDGEPOINT EDUCATION INC. PAC","PANNOZZO, JEFF","13500 EVENING CREEK DR. NORTH","SUITE 600","SAN DIEGO",CA,92128,U,Q,,M,C,"BRIDGEPOINT EDUCATION, INC.",
C00076299,"CME GROUP INC. PAC","PANKAU, RONALD A. MR.","20 SOUTH WACKER DRIVE",,CHICAGO,IL,60606,U,Q,,M,C,"CME GROUP, INC.",
C00346353,"OLDCASTLE MATERIALS INC. PAC","PALMER, STEVEN O.","101 CONSTITUTION AVENUE","600 W",WASHINGTON,DC,20001,B,Q,,M,C,"OLDCASTLE MATERIALS INC.",
C00444539,"NATIONAL ASPHALT PAVEMENT ASSOCIATION POLITICAL ACTION COMMITTEE (NAPA-PAC)","PALMER, STEVEN O.","101 CONSTITUTION AVENUE NW","SUITE 600 WEST",WASHINGTON,DC,20001,B,Q,,M,T,"NATIONAL ASPHALT PAVEMENT ASSOCIATION POLITICAL ACTION COMMITTEE (NAPA-PAC)",
C00258236,"EMD SERONO, INC. POLITICAL ACTION COMMITTEE","PACINO, JOHN","ONE TECHNOLOGY PLACE",,ROCKLAND,MA,02370,B,Q,,M,C,"EMD SERONO INC.",
C00009985,"NATIONAL ASSOCIATION OF BROADCASTERS POLITICAL ACTION COMMITTEE (NABPAC)","ORNELAS, CHRIS MR.","1771 N STREET NW",,WASHINGTON,DC,20036,B,Q,UNK,M,T,"NATIONAL ASSOCIATION OF BROADCASTERS",
C00239780,"PHILIPS ELECTRONICS NORTH AMERICA CORPORATION EMPLOYEES POLITICAL ACTION COMMITTEE","OLSON, J.J.","1050 K STREET, NW","SUITE 900",WASHINGTON,DC,20001,B,Q,,M,C,"PHILIPS ELECTRONICS NORTH AMERICA CORPORATION",
C00033969,"NOVARTIS CORPORATION POLITICAL ACTION COMMITTEE","O'NEAIL, SHAWN","701 PENNSYLVANIA AVE. NW SUITE 725",,WASHINGTON,DC,20004,B,Q,NNE,M,C,"NOVARTIS CORPORATION",
C00350744,"THE GOLDMAN SACHS GROUP, INC. POLITICAL ACTION COMMITTEE","O'CONNOR, ROBERT","101 CONSTITUTION AVENUE, NW","SUITE 1000 EAST",WASHINGTON,DC,20001,B,Q,,M,C,"THE GOLDMAN SACHS GROUP INC",
C00331835,"NAVIENT CORPORATION PAC (NAVIENT PAC)","O'CONNELL, STEVE MR.","2001 EDMUND HALLEY DR.",V224A,RESTON,VA,20191,B,Q,,M,C,"NAVIENT CORPORATION",
C00166348,"SOUTHERN MINNESOTA BEET SUGAR COOPERATIVE POLITICAL ACTION COMMITTEE","O'CONNELL, IAN","P O BOX 500",,RENVILLE,MN,56284,U,Q,,M,V,"SOUTHERN MINNESOTA BEET SUGAR COOPERATIVE",
C00505065,"GLENN IVEY FOR CONGRESS","O'BRIEN, TIMOTHY P","6404 IVY LANE","SUITE 400",GREENBELT,MD,20770,P,H,DEM,Q,,,H2MD04232
C00040659,"NATIONAL ASSOCIATION OF FEDERAL CREDIT UNIONS POLITICAL ACTION COMMITTEE","O'BRIEN, DAN MR.","3138 10TH STREET NORTH",,ARLINGTON,VA,22201,B,Q,UNK,M,T,"NATIONAL ASSOCIATION OF FEDERAL CREDIT UNIONS",
C00109819,"COALPAC, A POLITICAL ACTION COMMITTEE OF THE NATIONAL MINING ASSOCIATION","NOLAN, RICHARDSON M.","101 CONSTITUTION AVENUE, NW","SUITE 500 EAST",WASHINGTON,DC,20001,B,Q,,M,T,"NATIONAL MINING ASSOCIATION",
C00215285,"GENERAL ATOMICS POLITICAL ACTION COMMITTEE","NICHOLS, KAREN","P.O. BOX 85608",,"SAN DIEGO",CA,92186,B,Q,,M,C,"GENERAL ATOMICS",
C00326389,"SNAKE RIVER SUGAR COMPANY POLITICAL ACTION COMMITTEE","NELSEN, MICHELE","1951 SOUTH SATURN WAY","SUITE 100",BOISE,ID,83709,U,Q,,M,V,"SNAKE RIVER SUGAR COMPANY",
C00491951,"NOMURA HOLDING AMERICA INC, POLITICAL ACTION COMMITTEE (NOMURAPAC)","MYRICK, LAUREN MS.","1101 PENNSYLVANIA AVENUE, NW","SUITE 515",WASHINGTON,DC,20004,U,Q,,M,C,,
C00129122,"AEROJET ROCKETDYNE, INC PAC","MYERS, JOHN","P.O. BOX 13222",,SACRAMENTO,CA,95813,B,Q,,Q,C,"AEROJET ROCKETDYNE INC.",
C00235739,"BNSF RAILWAY COMPANY RAILPAC (BNSF RAILPAC)","MURPHY, PATRICIA","P.O. BOX 961039",,"FORT WORTH",TX,76161,B,Q,,M,C,"BNSF RAILWAY COMPANY",
C00409219,"MATSUI FOR CONGRESS","MURPHY, DAVID K.","PO BOX 1738",,SACRAMENTO,CA,95812,P,H,DEM,Q,,,H6CA05195
C00027532,"AMERICAN MARITIME OFFICERS VOLUNTARY POLITICAL ACTION FUND","MURDOCK, CHARLES","P.O. BOX 66",,"DAIA BEACH",FL,330040066,B,Q,,M,L,"AMERICAN MARITIME OFFICERS",
C00191247,"ALASKA DEMOCRATIC PARTY","MURAKAMI, LAWRENCE","2602 FAIRBANKS ST.",,ANCHORAGE,AK,99503,U,Y,DEM,M,,"HILLARY VICTORY FUND",
C00349225,"SPINE PAC OF THE NATIONAL ASSOCIATION OF SPINE SPECIALISTS","MUEHLBAUER, ERIC J. MR.","7075 VETERANS BLVD.",,"BURR RIDGE",IL,60527,B,Q,,M,T,"NATIONAL ASSOCIATION OF SPINE SPECIALISTS",
C00407635,"CONSOLIDATED EDISON INC EMPLOYEES' POLITICAL ACTION COMMITTEE (CEIPAC)","MUCCILO, ROBERT","4 IRVING PLACE","ROOM 506","NEW YORK",NY,10003,B,Q,,Q,C,"CONSOLIDATED EDISON, INC.",
C00347385,"LEVEL 3 COMMUNICATIONS INC. POLITICAL ACTION COMMITTEE","MOONEY, MICHAEL MR.","1025 EL DORADO BLVD.",,BROOMFIELD,CO,80021,B,Q,,M,C,"TW TELECOM INC. POLITICAL ACTION COMMITTEE",
C00382028,"IRANIAN AMERICAN POLITICAL ACTION COMMITTEE - PUBLIC AFFAIRS ALLIANCE OF IRANIAN AMERICANS","MODJTABAI, SAGHI","5335 WISCONSIN AVE. NW","SUITE 440",WASHINGTON,DC,20015,U,Q,,M,M,"PUBLIC AFFAIRS ALLIANCE OF IRANIAN AMERICANS",
C00406892,"APPLIED MATERIALS, INC. POLITICAL ACTION COMMITTEE","MILLER, RUSSELL","20 PARK ROAD, SUITE E",,BURLINGAME,CA,94010,B,Q,,M,C,"APPLIED MATERIALS, INC.",
C00200907,"SCANA CORPORATION FEDERAL PAC","MIKELL, G. LEE","100 SCANA PKWY","ATTN: G. LEE MIKELL-D231",CAYCE,SC,290333712,B,Q,,M,C,"SCANA CORPORATION",
C00213173,"K&L GATES LLP POLITICAL ACTION COMMITTEE (DC)","MICHAELSEN, CAROL LESLIE","1601 K STREET, NW",,WASHINGTON,DC,20006,B,Q,,M,M,NONE,
C00198259,"AMERICAN ASSN. FOR MARRIAGE & FAMILY THERAPY COMM. ADVNCMNT OF MARITAL & FAMILY THERAPY","MICHAELS, CHRISTINE","112 SOUTH ALFRED STREET",,ALEXANDRIA,VA,22314,B,Q,,Q,M,"AMERICAN ASSOCIATION FOR MARRIAGE AND FAMILY THERAPY",
C00003251,"NEA FUND FOR CHILDREN AND PUBLIC EDUCATION","MICHAEL MCPHERSON","1201 16TH STREET NW STE 418",,WASHINGTON,DC,20036,B,Q,UNK,M,L,,
C00034272,"NATIONAL CHICKEN COUNCIL POLITICAL ACTION COMMITTEE","MICHAEL J. BROWN","1015 FIFTEENTH STREET NW",,WASHINGTON,DC,20005,U,Q,,Q,T,,
C00089086,"THE AMERICAN OCCUPATIONAL THERAPY ASSOCIATION, INC. POLITICAL ACTION COMMITTEE (AOTPAC)","METZLER, CHRISTINA A.","4720 MONTGOMERY LANE, SUITE 200",,BETHESDA,MD,208143449,B,Q,,M,M,"THE AMERICAN OCCUPATIONAL THERAPY ASSOCIATION, INC.",
C00434076,"OPERATING ENGINEERS LOCAL 478 POLITICAL ACTION COMMITTEE (OE478PAC)","METZ, CRAIG","1965 DIXWELL AVE",,HAMDEN,CT,06514,U,Q,,Q,L,,
C00040253,"ALLSTATE INSURANCE COMPANY PAC","MERTEN, JESS","2775 SANDERS ROAD SUITE A2W",,NORTHBROOK,IL,60062,B,Q,,M,C,"ALLSTATE INSURANCE COMPANY",
C00032698,"INDEPENDENT COMMUNITY BANKERS OF AMERICA POLITICAL ACTION COMMITTEE","MERSKI, PAUL MR.","1615 L STREET, NW","SUITE 900",WASHINGTON,DC,20036,B,Q,UNK,M,T,"INDEPENDENT COMMUNITY BANKERS OF AMERICA",
C00258475,"ANNA ESHOO FOR CONGRESS","MCMILLAN, MARY","555 CAPITOL MALL, SUITE 1425",,SACRAMENTO,CA,95814,P,H,DEM,Q,,NONE,H8CA12098
C00012476,"UNITED ASSOCIATION POLITICAL EDUCATION COMMITTEE (UNITED ASSOCIATION OF JOURNEYMEN AND APPRENTICES OF THE PLUMBING & PIPEFITTING INDUSTRY OF THE UNITED STATES AND CANADA)","MCMANUS, MARK","THREE PARK PLACE",,ANNAPOLIS,MD,21401,B,Q,,M,L,"PLUMBERS & STEAMFITTERS LOCAL 22 PAC INC",
C00030718,"NATIONAL ASSOCIATION OF REALTORS POLITICAL ACTION COMMITTEE","MCGREW, MICHAEL C","430 NORTH MICHIGAN AVENUE",,CHICAGO,IL,606114011,B,Q,UNK,M,M,"ILLINOIS RPAC FED",
C00412791,"FORWARD TOGETHER PAC","MCGOWAN, GERALD S.","201 NORTH UNION STREET","SUITE 300",ALEXANDRIA,VA,223142650,D,Q,,M,,WARNER,
C00397067,"OCEAN STATE POLITICAL ACTION COMMITTEE (OSPAC)","MCGOVERN, THOMAS P. MR.","26 HILTON ROAD",,WARWICK,RI,028892930,D,Q,,Q,,LANGEVIN,
C00300418,"SCIENCE APPLICATIONS INTERNATIONAL CORPORATION VOLUNTARY POLITICAL ACTION COMMITTEE","MCGEE, PATRICK J MR.","1710 SAIC DRIVE",,MCLEAN,VA,22102,B,Q,,M,C,"SCIENCE APPLICATIONS INTERNATIONAL CORPORATION",
C00072751,"STATE STREET BANK AND TRUST COMPANY VOLUNTARY POLITICAL ACTION COMMITTEE","MCDONALD, J. BARRY JR.","BOX 5351",,BOSTON,MA,02206,B,Q,,M,C,"STATE STREET BANK AND TRUST COMPANY",
C00432526,"TURKISH COALITON USA PAC (TC-USA PAC)","MCCURDY, G. LINCOLN  ","1025 CONNECTICUT AVE SUITE 1000",,WASHINGTON,DC,20036,U,Q,,M,,NONE,
C00104109,"ARCELORMITTAL USA LLC GOOD GOVERNMENT COMMITTEE","MCCUE, THOMAS A","1808 EYE STREET NW","5TH FLOOR",WASHINGTON,DC,20006,B,Q,,M,C,"ARCELORMITTAL USA LLC",
C00007542,"SHEET METAL WORKERS' INTERNATIONAL ASSOCIATION POLITICAL ACTION LEAGUE","MCCLEES, RICHARD L.","1750 NEW YORK AVENUE, NW",,WASHINGTON,DC,200065386,B,Q,,M,L,"SHEET METAL WORKERS' INTERNATIONAL ASSOCIATION POLITICAL ACTION LEAGUE",
C00342394,"EBAY INC-COMMITTEE FOR RESPONSIBLE INTERNET COMMERCE","MCBRIDE, SHARON","228 S. WASHINGTON ST.","STE. 115",ALEXANDRIA,VA,22314,B,Q,,M,C,"EBAY, INC.",
C00410068,"FRATERNITY & SORORITY POLITICAL ACTION COMMITTEE","MAXWELL, THOMAS F. III","PO BOX 3435",,ALEXANDRIA,VA,22302,B,W,,M,,NONE,
C00366096,"VAN HOLLEN FOR CONGRESS","MAUD, STACEY","10605 CONCORD STREET","SUITE 202",KENSINGTON,MD,20895,P,H,DEM,Q,,"VAN HOLLEN VICTORY FUND",H2MD08126
C00381954,"ATMOS ENERGY CORPORATION PAC","MASON, DAVID MR.","5430 LBJ FREEWAY, SUITE 160",,DALLAS,TX,75240,U,Q,,M,C,"ATMOS ENERGY CORPORATION",
C00240457,"SOCIETY FOR RELIEF OF DISTRESSED AND DECAYED PILOTS POLITICAL ACTION COMMITTEE","MASON, DAVID M.","P.O. BOX 15441",,WASHINGTON,DC,20003,U,Q,,M,M,,
C00102152,"WASHINGTON GAS LIGHT COMPANY PAC","MASON, DAVID","101 CONSTITUTION AVE. NW","3RD FL",WASHINGTON,DC,20001,B,Q,,M,C,"WASHINGTON GAS LIGHT COMPANY",
C00496307,"MARATHON PETROLEUM CORPORATION EMPLOYEES POLITICAL ACTION COMMITTEE (MPAC)","MASON, DAVID","539 S. MAIN STREET",,FINDLAY,OH,458403229,B,Q,,M,C,"MARATHON PETROLEUM CORPORATION",
C00369058,"VAN SCOYOC ASSOCIATES, INC. PAC","MARX, GARY","101 CONSTITUTION AVENUE","SUITE 600 WEST",WASHINGTON,DC,20001,B,Q,,M,C,"VAN SCOYOC ASSOCIATES",
C00113803,"AMERICAN OSTEOPATHIC INFORMATION ASSOCIATION - OSTEOPATHIC POLITICAL ACTION COMMITTEE","MARTIN, RONNIE D.O.","1090 VERMONT AVE., NW","SUITE 500",WASHINGTON,DC,20005,U,Q,,M,M,"AMERICAN OSTEOPATHIC INFORMATION ASSOCIATION",
C00012468,"THE COCA-COLA COMPANY NONPARTISAN COMMITTEE FOR GOOD GOVERNMENT","MARK, LARRY M.","1 COCA-COLA PLAZA NW",,ATLANTA,GA,30313,B,Q,UNK,M,C,"THE COCA-COLA COMPANY",
C00397893,"SSA MARINE INC. GOOD GOVERNMENT FUND","MARK JOHNSON","1131 SW KLICKITAT WAY",,SEATTLE,WA,98134,U,Q,,M,C,"SSA MARINE INC.",
C00507962,"AES CORPORATION POLITICAL ACTION COMMITTEE; THE","MARK A MILLER","4300 WILSON BOULEVARD 11TH FLOOR",,ARLINGTON,VA,22203,B,Q,,M,C,,
C00110338,"AMERICAN CRYSTAL SUGAR COMPANY POLITICAL ACTION COMMITTEE","MALOY, LISA","101 NORTH 3RD STREET",,MOORHEAD,MN,565601990,B,Q,,M,V,"AMERICAN CRYSTAL SUGAR COMPAY",
C00145623,"AMERICAN STAFFING ASSOCIATION STAFFING PAC","MALARA, TOBY","277 S. WASHINGTON ST., SUITE 200",,ALEXANDRIA,VA,22314,B,Q,,M,T,"AMERICAN STAFFING ASSOCIATION",
C00239947,"CAESARS ENTERTAINMENT CORPORATION POLITICAL ACTION COMMITTEE","MAGDALUYO, KELLEY","ONE CAESARS PALACE DR",,"LAS VEGAS",NV,89109,B,Q,,M,C,"CAESARS ENTERTAINMENT CORPORATION",
C00113241,"NATIONAL APARTMENT ASSOCIATION POLITICAL ACTION COMMITTEE","MADDEN, KEVIN","4300 WILSON BLVD","SUITE 400",ARLINGTON,VA,222034168,B,Q,,M,T,"NATIONAL APARTMENT ASSOCIATION",
C00488882,"U.S. BANCORP FEDERAL POLITICAL ACTION COMMITTEE","MACMILLAN, KEVIN","950 F STREET NW","SUITE 750",WASHINGTON,DC,20004,B,Q,,M,C,"U.S. BANCORP POLITICAL PARTICIPATION PROGRAM",
C00281212,"BAE SYSTEMS INC. POLITICAL ACTION COMMITTEE (BAE SYSTEMS USA PAC)","LYON, SYDELLE","1101 WILSON BLVD.",,ARLINGTON,VA,22209,B,Q,,M,C,"BAE SYSTEMS, INC.",
C00287003,"PARSONS BRINCKERHOFF, INC. PAC","LYNN, ANDREW","1015 HALF STREET, SE","SUITE 650",WASHINGTON,DC,20003,B,Q,,M,C,"PARSONS BRINCKERHOFF, INC.",
C00433482,"TE CONNECTIVITY, INC. POLITICAL ACTION COMMITTEE TELPAC","LYNCH, THOMAS","607 14TH STREET NW","STE. 250",WASHINGTON,DC,20005,B,Q,,M,C,"TE CONNECTIVITY",
C00142711,"THE BOEING COMPANY POLITICAL ACTION COMMITTEE","LOWE, JENNIFER","929 LONG BRIDGE DRIVE",,ARLINGTON,VA,22202,B,Q,,M,C,"THE BOEING COMPANY",
C00344663,"RESCARE, INC. ADVOCACY FUND","LOVAN, KEN","9901 LINN STATION ROAD",,LOUISVILLE,KY,40223,B,Q,,M,C,"RESCARE, INC.",
C00434811,"TEVA PHARMACEUTICALS USA, INC. POLITICAL ACTION COMMITTEE ('TEVA PAC')","LOUGHERY, DAVID","25 MASSACHUSETTS AVENUE, NW","SUITE 440",WASHINGTON,DC,20001,B,Q,,M,C,"TEVA PHARMACEUTICALS USA INC.",
C00002766,"UNITED FOOD AND COMMERCIAL WORKERS INTERNATIONAL UNION ACTIVE BALLOT CLUB","LOPEZ, ESTHER R.","1775 K STREET, NW",,WASHINGTON,DC,20006,B,Q,UNK,M,L,"UNITED FOOD AND COMMERCIAL WORKERS INTERNATIONAL UNION",
C00040535,"AMERICAN EXPRESS COMPANY POLITICAL ACTION COMMITTEE (AXPPAC)","LOPER, BRETT","801 PENNSYLVANIA AVE. NW SUITE 650",,WASHINGTON,DC,20004,B,Q,UNK,M,C,"AMERICAN EXPRESS COMPANY",
C00411611,"SECURE PAC","LONDON THOMPSON","P.O. BOX 675",,BOLTON,MS,39041,D,Q,,M,,,
C00336040,"THE KRAFT HEINZ COMPANY POLITICAL ACTION COMMITTEE (HEINZPAC)","LIU, JAMES","1 PPG PLACE, SUITE 3100",,PITTSBURGH,PA,15222,B,Q,,T,C,,
C00147173,"WINE AND SPIRITS WHOLESALERS OF AMERICA, INC. POLITICAL ACTION COMMITTEE","LISKER, LISA","805 FIFTEENTH ST NW SUITE 430",,WASHINGTON,DC,20005,B,Q,,M,T,"WINE & SPIRITS WHOLESALERS OF AMERICA",
C00360206,"PHILADELPHIA FEDERAL CREDIT UNION PAC (PFCU-PAC)","LISA M DAHLING","12800 TOWNSEND ROAD",,PHILADELPHIA,PA,19154,U,Q,,Q,T,"PHILADELPHIA FEDERAL CREDIT UNION",
C00422204,"NATIONAL ASSOCIATION OF INDEPENDENT LIFE BROKERAGE AGENCIES PAC (NAILBA PAC)","LISA LISKER","228 S WASHINGTON ST STE 115",,ALEXANDRIA,VA,22314,U,Q,,T,T,,
C00411900,"EDWARDS LIFESCIENCES POLITICAL ACTION COMMITTEE (EWPAC)","LIDEN, BARRY MR.","ONE EDWARDS WAY",,IRVINE,CA,92614,B,Q,,M,C,"EDWARDS LIFESCIENCES",
C00168864,"THE HARTFORD FINANCIAL SERVICES GROUP, INC. PAC (AKA THE HARTFORD ADVOCATES FUND)","LEWIS, SCOTT MR.","ONE HARTFORD PLAZA",HO-1-11,HARTFORD,CT,06155,B,Q,,M,C,"THE HARTFORD FINANCIAL SERVICES GROUP, INC.",
C00141747,"FRIENDS OF ISRAEL POLITICAL ACTION COMMITTEE - FIPAC","LEVINSON, FRED  ","P.O. BOX 8703",,EMERYVILLE,CA,94662,U,Q,,M,M,,
C00345355,"GENERAL GROWTH PROPERTIES INC. PAC","LEVINE, MARVIN J.","110 N. WACKER DRIVE",,CHICAGO,IL,60606,U,Q,,M,C,"GENERAL GROWTH PROPERTIES INC.",
C00100404,"UNITED POSTMASTERS AND MANAGERS OF AMERICA POLITICAL FUND (UPMA PAC)","LEVI, ROBERT M.","8 HERBERT STREET",,ALEXANDRIA,VA,223052600,U,Q,,M,M,"UNITED POSTMASTERS AND MANAGERS OF AMERICA",
C00001636,"UNITED TRANSPORTATION UNION POLITICAL ACTION COMMITTEE (UTU PAC)","LESNIEWSKI, JOHN E.","24950 COUNTRY CLUB BLVD,  STE 340",,"NORTH OLMSTED",OH,44070,B,Q,,M,L,"UNITED TRANSPORTATION UNION",
C00241380,"ARENT FOX LLP PAC (AFPAC)","LENT, NORMAN","ARENT FOX LLP","1717 K STREET NW",WASHINGTON,DC,20006,B,Q,,M,M,,
C00009282,"NORFOLK SOUTHERN CORPORATION GOOD GOVERNMENT FUND","LEDOUX, MARQUE","ONE CONSTITUTION AVE NE",,WASHINGTON,DC,20002,B,Q,UNK,M,C,"NORFOLK SOUTHERN CORPORATION",
C00451518,"CROWE PAC","LAZARD, ROBERT W. MR.","3815 RIVER CROSSING PARKWAY","SUITE 300",INDIANAPOLIS,IN,462400977,U,Q,,M,,NONE,
C00030809,"NATIONAL COMMUNITY PHARMACISTS ASSOCIATION - PAC","LAVIOLETTE, KARRY MS.","100 DAINGERFIELD ROAD",,ALEXANDRIA,VA,223142885,B,Q,,M,M,"NATIONAL COMMUNITY PHARMACISTS ASSOCIATION",
C00292094,"GENESIS HEALTHCARE INC PAC","LANE, LAURENCE F","101 EAST STATE STREET",,"KENNETT SQUARE",PA,19348,B,Q,,Q,C,"GENESIS HEALTHCARE INC.",
C00101766,"UNITED AIRLINES, INC. POLITICAL ACTION COMMITTEE (UAPAC)","KUHLMAN, KAREN","233 S. WACKER",HDQGV,CHICAGO,IL,60606,B,Q,,M,C,"UNITED AIRLINES, INC.",
C00485433,"BAYADA HOME HEALTH CARE, INC. POLITICAL ACTION COMMITTEE (A.K.A.  BAYADA U.S. PAC)","KRUSHINSKIE, ADAM MR.","290 CHESTER AVENUE",,MOORESTOWN,NJ,08057,B,Q,,M,C,"BAYADA HOME HEALTH CARE, INC.",
C00354290,"AMERICAN FAMILY MUTUAL INSURANCE COMPANY FEDERAL PAC (AMFAM PAC)","KRUMENAUER, HEIDI","6000 AMERICAN PARKWAY",,MADISON,WI,53783,B,Q,,M,C,"AMERICAN FAMILY MUTUAL INSURANCE CO.",
C00388827,"QUICKEN LOANS INC PAC","KRAUSE, SHAWN","101 S. WASHINGTON SQ.","SUITE 620",LANSING,MI,48933,B,Q,,M,C,"QUICKEN LOANS INC.",
C00340455,"AQUA AMERICA, INC. H2O POLITICAL ACTION COMMITTEE","KRALLE, DAVID","762 WEST LANCASTER AVENUE",,"BRYN MAWR",PA,19010,U,Q,,M,C,"AQUA AMERICA, INC.",
C00340075,"BASF CORPORATION EMPLOYEES POLITICAL ACTION COMMITTEE","KRAEMER, BRUCE","100 PARK AVENUE",,"FLORHAM PARK",NJ,07932,B,Q,,M,C,"BASF CORPORATION",
C00464495,"BILL OWENS FOR CONGRESS","KOWALCZYK, THEODORE","PO BOX 1575",,PLATTSBURGH,NY,12901,P,H,DEM,Q,,,H0NY23081
C00557793,"BLUE ORIGIN LLC POLITICAL ACTION COMMITTEE (BLUE ORIGIN PAC)","KOSTER, STEPHANIE","21218-76TH AVENUE S",,KENT,WA,98032,B,N,,Q,W,"BLUE, INC.",
C00010868,"AMERICAN COUNCIL OF ENGINEERING COMPANIES (ACEC/PAC)","KNOPP, GREGORY MR.","1015 15TH STREET NW","SUITE 802",WASHINGTON,DC,20005,B,Q,UNK,M,T,"AMERICAN COUNCIL OF ENGINEERING COMPANIES",
C00208983,"MANTECH INTERNATIONAL CORPORATION POLITICAL ACTION COMMITTEE   ( A.K.A 'MANTECH PAC')","KNIGHT, ROBERT D. MR.","2250 CORPORATE PARK DRIVE","SUITE 500",HERNDON,VA,20171,U,Q,,M,C,"MANTECH INTERNATIONAL CORPORATION",
C00109017,"AT&T INC. FEDERAL POLITICAL ACTION COMMITTEE (AT&T FEDERAL PAC)","KLUG, JONATHAN P.","208 S. AKARD STREET","SUITE 1812",DALLAS,TX,75202,B,Q,,M,C,"AT&T INC.",
C00331991,"DIRECTV GROUP, INC. FUND - FEDERAL (DIRECTV PAC)","KLUG, JONATHAN P","208 S. AKARD STREET","ROOM 1812",DALLAS,TX,75202,B,Q,,M,C,"THE DIRECTV GROUP, INC.",
C00068692,"FEDEX CORPORATION POLITICAL ACTION COMMITTEE (FEDEXPAC)","KLANK, III, CLEMENT E.","942 S SHADY GROVE ROAD",,MEMPHIS,TN,381204117,B,Q,UNK,M,C,"FEDEX CORPORATION",
C00370015,"NELNET INC PAC (NELNET PAC)","KISER, BEN","1050 CONNECTICUT AVENUE, NW","10TH FLOOR",WASHINGTON,DC,20036,B,Q,,M,C,"NELNET, INC.",
C00041061,"AMERICAN PILOTS' ASSOCIATION POLITICAL ACTION COMMITTEE","KIRCHNER, PAUL G MR.","499 SOUTH CAPITOL STREET SW #409",.,WASHINGTON,DC,20003,U,Q,UNK,M,T,"AMERICAN PILOTS' ASSOC",
C00153445,"NATIONAL HEALTH CORPORATION POLITICAL ACTION COMMITTEE","KINNEY, J. B. JR.","P.O. BOX 1398",,MURFREESBORO,TN,37130,U,Q,,Q,C,"NATIONAL HEALTH CORPORATION",
C00172296,"NATIONAL COMMITTEE TO PRESERVE SOCIAL SECURITY & MEDICARE PAC","KIM, CHRISTINE MS.","10 G ST. NE","SUITE 600",WASHINGTON,DC,200024215,B,Q,,M,M,"NATIONAL COMMITTEE TO PRESERVE SOCIAL SECURITY AND MEDICARE",
C00004812,"MORTGAGE BANKERS ASSOCIATION POLITICAL ACTION COMMITTEE (MORPAC)","KILLMER, WILLIAM P.","1919 M STREET, NW","5TH FLOOR",WASHINGTON,DC,20036,B,Q,UNK,M,T,"MORTGAGE BANKERS ASSOCIATION",
C00034405,"INTERNATIONAL PAPER POLITICAL ACTION COMMITTEE (IP-PAC)","KILLION JOYCE, MEAGHAN","1101 PENNSYLVANIA AVENUE NW","SUITE 200",WASHINGTON,DC,20004,B,Q,UNK,M,C,"INTERNATIONAL PAPER",
C00131607,"FLORIDA CITRUS MUTUAL POLITICAL ACTION COMMITTEE","KEVIN E. METHENY","411 E ORANGE STREET",,LAKELAND,FL,338015054,U,Q,,M,T,,
C00446674,"WESTERN SUGAR COOPERATIVE POLITICAL ACTION COMMITTEE","KENT, J. MR. WIMMER","7555 EAST HAMPDEN AVENUE","SUITE 600",DENVER,CO,80231,U,Q,,Q,T,,
C00286922,"CAREFIRST BLUECROSS BLUESHIELD ASSOCIATES' FEDERAL PAC","KENNEDY, JEANNE","10455 MILL RUN CIRCLE",,"OWINGS MILL",MD,21117,U,Q,,Q,C,"CAREFIRST BLUE CROSS BLUESHIELD",
C00002238,"NATIONAL COUNCIL OF FARMER COOPERATIVES CO-OP/PAC","KELSEY S. BILLINGS","50 F STREET NW","SUITE 900",WASHINGTON,DC,20001,U,Q,,M,T,,
C00482570,"JACKSON LEWIS P.C. POLITICAL ACTION COMMITTEE","KELLEY, JOSEPH","1133 WESTCHESTER AVE","SUITE S125","WEST HARRISON",NY,10604,B,Q,,M,C,"JACKSON LEWIS P.C.",
C00323048,"ORACLE AMERICA, INC. POLITICAL ACTION COMMITTEE (ORACLE PAC)","KEHRING, DOUGLAS","1015 15TH ST. NW SUITE 200",,WASHINGTON,DC,20005,B,Q,,M,C,"ORACLE AMERICA, INC.",
C00373696,"AMERICAN PSYCHIATRIC ASSOCIATION POLITICAL ACTION COMMITTEE","KEEN, DAVID","1000 WILSON BLVD.","SUITE 1825",ARLINGTON,VA,22209,B,Q,,M,T,"AMERICAN PSYCHIATRIC ASSOCIATION",
C00390583,"BHFS-E, PC PAC (BROWNSTEIN HYATT FARBER SCHRECK POLITICAL ACTION COMMITTEE)","KAUFMANN, ROBERT MR.","410 SEVENTEENTH STREET","SUITE 2200",DENVER,CO,80202,B,Q,,M,C,"BHFS-E, PC, FORMERLY KNOWN AS BROWNSTEIN HYATT FARBER SCHRECK, P.C.",
C00227744,"ERNST & YOUNG POLITICAL ACTION COMMITTEE","KATHRYN SABATINI","1101 NEW YORK AVENUE, NW",,WASHINGTON,DC,20005,B,Q,,M,M,,
C00325092,"HUNTINGTON INGALLS INDUSTRIES, INC. PAC (SHIPPAC)","KASTNER, CHRISTOPHER D.","300 M STREET S.E.","SUITE 350",WASHINGTON,DC,200033436,B,Q,,M,C,"HUNTINGTON INGALLS INDUSTRIES, INC.",
C00013342,"UNITED MINE WORKERS OF AMERICA - COAL MINERS POLITICAL ACTION COMMITTEE","KANE, DANIEL J","18354 QUANTICO GATEWAY DR","SUITE 200",TRIANGLE,VA,22172,U,Q,,M,L,"UNITED MINE WORKERS OF AMERICA",
C00040998,"NATIONAL AUTOMOBILE DEALERS ASSOCIATION POLITICAL ACTION COMMITTEE","KAIN, JACK MR.","8400 WESTPARK DRIVE",,TYSONS,VA,22102,B,Q,UNK,M,T,"NATIONAL AUTOMOBILE DEALERS ASSOCIATION",
C00547257,"DEFRANCO FOR CONGRESS","KAI P MOY","PO BOX 103",,MIDDLETON,MA,01949,P,H,DEM,T,,,H4MA06108
C00383489,"PUBLIC SERVICE ENTERPRISE GROUP INC. POLITICAL ACTION COMMITTEE (PEGPAC)","KAHRER, MARK G","80 PARK PLAZA",,NEWARK,NJ,07102,B,Q,,M,C,"PUBLIC SERVICE ENTERPRISE GROUP INC.",
C00107300,"AMERICAN AIRLINES INC. POLITICAL ACTION COMMITTEE (AAPAC)","KAEHLER, NORMA MS.","1200 17TH STREET NW","SUITE 400",WASHINGTON,DC,20036,B,Q,,M,C,"AMERICAN AIRLINES",
C00253153,"BLOOMIN' BRANDS, INC. POLITICAL ACTION COMMITTEE","KADOW, JOSEPH J. MR.","2202 N. WESTSHORE BLVD.","5TH FLOOR",TAMPA,FL,33607,B,Q,,M,C,"BLOOMIN' BRANDS, INC.",
C00391821,"KOPPERS INC. PAC","JUBA, MICHAEL H. MR.","436 SEVENTH AVENUE",,PITTSBURGH,PA,15219,U,Q,,T,C,,
C00330019,"TWENTY-FIRST CENTURY FOX, INC. PAC (FOX PAC)","JONES, KRISTOPHER","400 NORTH CAPITOL STREET, NW","SUITE 890",WASHINGTON,DC,20001,B,Q,,M,C,"TWENTY-FIRST CENTURY FOX, INC.",
C00339655,"US ONCOLOGY INC. NETWORK POLITICAL ACTION COMMITTEE","JONES, BEN","10101 WOODLOCH FOREST DRIVE",,"THE WOODLANDS",TX,77380,B,Q,,M,C,"US ONCOLOGY, INC.",
C00415166,"CAMPBELL SOUP COMPANY PAC CAMPBELL PAC","JOHNSTON, KELLY D.","1 CAMPBELL PLACE MS43K",,CAMDEN,NJ,081031799,B,Q,,M,C,"CAMPBELL SOUP COMPANY",
C00034827,"EATON CORPORATION PUBLIC POLICY ASSOCIATION","JOHNSON, DAVID A.","1000 EATON BLVD.",.,CLEVELAND,OH,44122,U,Q,,Q,C,"EATON CORPORATION PUBLIC POLICY ASSOCIATION",
C00413179,"WELCH FOR CONGRESS","JOHN C. CANDON","PO BOX 1682",,BURLINGTON,VT,05402,P,H,DEM,Q,,"SEND BERNIE AND PETER TO WASHINGTON 2006",H6VT00160
C00035535,"CONSUMER BANKERS ASSOCIATION POLITICAL ACTION COMMITTEE, THE","JAYNE E HUNT","1225 EYE STREET, NW, SUITE 550",,WASHINGTON,DC,20005,B,Q,UNK,M,T,,
C00104901,"AKIN GUMP STRAUSS HAUER & FELD LLP CIVIC ACTION COMMITTEE (AKA AGSH&F CIVIC ACTION COMMITT","JANKOWSKY, JOEL","1333 NEW HAMPSHIRE AVE., NW",,WASHINGTON,DC,20036,B,Q,,M,W,,
C00034298,"PPG INDUSTRIES, INC. PAC","JANKOWSKI, A JOHN","ONE PPG PLACE","ATTN: GABE PELLATHY",PITTSBURGH,PA,15272,B,Q,,M,C,"PPG INDUSTRIES, INC.",
C00154625,"KAPTUR FOR CONGRESS","JAFFEE, THOMAS MR.","P.O. BOX 899",,TOLEDO,OH,43697,P,H,DEM,Q,,"KAPTUR FOR CONGRESS",H2OH09031
C00257121,"CITIZENS FOR RUSH","JACKSON, SHEILA L.","P. O. BOX 7292",,CHICAGO,IL,606807292,P,H,NAT,Q,,NONE,H2IL01042
C00034157,"AFLAC POLITICAL ACTION COMMITTEE (AFLAC PAC)","J. MATTHEW LOUDERMILK","1932 WYNNTON ROAD",,COLUMBUS,GA,31999,B,Q,UNK,M,C,,
C00387555,"COUNCIL FOR A LIVABLE WORLD CANDIDATE FUND","ISAACS, JOHN D.","322 4TH STREET, NE",,WASHINGTON,DC,20002,B,Q,,M,M,"COUNCIL FOR A LIVABLE WORLD",
C00143305,"CH2M HILL COMPANIES LTD PAC","INGVOLDSTAD, SCOTT","9191 S JAMAICA STREET",,ENGLEWOOD,CO,80112,B,Q,,M,C,"CH2M HILL COMPANIES, LTD.",
C00227546,"MICROSOFT CORPORATION POLITICAL ACTION COMMITTEE","INGLE, EDWARD","16011 NE 36TH WAY","BOX 97017",REDMOND,WA,98073,B,Q,,M,C,"MICROSOFT CORPORATION",
C00007880,"CULAC THE PAC OF CREDIT UNION NATIONAL ASSOCIATION","IHRIG, JARED JONATHAN","601 PENNSYLVANIA AVENUE, NW","SOUTH BUILDING, SUITE 600",WASHINGTON,DC,200042601,B,Q,,M,T,"CREDIT UNION NATIONAL ASSOCIATION",
C00408435,"SOCIETY OF INTERVENTIONAL RADIOLOGY POLITICAL ACTION COMMITTEE","HUYNH, DOUG","3975 FAIR RIDGE DR.","SUITE 400 NORTH",FAIRFAX,VA,22033,U,Q,,Q,M,"SOCIETY OF INTERVENTIONAL RADIOLOGY",
C00004036,"SEIU COPE (SERVICE EMPLOYEES INTERNATIONAL UNION COMMITTEE ON POLITICAL EDUCATION)","HUDSON, GERALD","1800 MASSACHUSETTS AVE NW",,WASHINGTON,DC,20036,B,Q,,M,L,"SERVICE EMPLOYEES INTERNATIONAL UNION",
C00518910,"RENEWABLE FUELS ASSOCIATION PAC (RENEWABLE FUELS PAC)","HUBBARD, EDWARD S. MR.","425 THIRD STREET SW","SUITE 1150",WASHINGTON,DC,20024,U,Q,,M,T,,
C00142489,"ALLETE PAC","HRUSKA, DANIEL","30 WEST SUPERIOR STREET",,DULUTH,MN,55802,B,Q,,M,C,"ALLETE, INC.",
C00261339,"HOGAN LOVELLS POLITICAL ACTION COMMITTEE","HOUSE, W. MICHAEL","555 THIRTEENTH STREET NW 8TH FL","WEST TOWER",WASHINGTON,DC,20004,B,Q,,M,,NONE,
C00443671,"MICRON TECHNOLOGY, INC. PAC","HOPKINS, JENNAFER RAE MS","8000 S. FEDERAL WAY MS 1-407",,BOISE,ID,83707,B,Q,,M,C,"MICRON TECHNOLOGY, INC.",
C00095109,"AZOA SERVICES CORPORATION POLITICAL ACTION COMMITTEE (ALLIANZ OF AMERICA PAC)","HOOPER, KRISTINA","1101 CONNECTICUT AVE, NW","SUITE 950",WASHINGTON,DC,20036,B,Q,,M,C,"AZOA SERVICES CORPORATION",
C00093179,"AUSTIN INDUSTRIES COMPANIES POLITICAL ACTION COMMITTEE","HOLT, JUSTIN","P.O. BOX 1590",,DALLAS,TX,75221,U,Q,,M,C,"AUSTIN INDUSTRIES COMPANIES POLITICAL ACTION COMMITTEE",
C00066472,"PROPERTY CASUALTY INSURERS ASSOCIATION OF AMERICA POLITICAL ACTION COMMITTEE (PCIPAC)","HOLMES, JUNE T.","8700 WEST BRYN MAWR","SUITE 1200S",CHICAGO,IL,606313512,B,Q,,M,M,"PROPERTY CASUALTY INSURERS ASSOCIATION OF AMERICA",
C00397711,"MAGELLAN MIDSTREAM HOLDINGS GP, LLC POLITICAL ACTION COMMITTEE","HOLMAN, JEFF","ONE WILLIAMS CENTER MD 28-8",,TULSA,OK,74172,U,Q,,M,C,,
C00035683,"UNITED TECHNOLOGIES CORPORATION POLITICAL ACTION COMMITTEE","HOLLADAY, J. KRISTER","1101 PENNSYLVANIA AVE, NW","10TH FLOOR",WASHINGTON,DC,20004,B,Q,NNE,M,C,"UNITED TECHNOLOGIES CORPORATION",
C00004275,"AMERICAN BANKERS ASSOCIATION PAC (BANKPAC)","HOFF, BETHANY MRS.","1120 CONNECTICUT AVENUE NW","SUITE 600",WASHINGTON,DC,20036,B,Q,NNE,M,T,"ARKANSAS BANKERS ASSOCIATION PAC INC.",
C00006080,"AMERICAN HEALTH CARE ASSOCIATION POLITICAL ACTION COMMITTEE","HILLIER, ROBIN MS.","PO BOX 75357",,WASHINGTON,DC,20013,B,Q,,M,T,"AMERICAN HEALTH CARE ASSOCIATION",
C00029504,"ENGINEERS POLITICAL EDUCATION COMMITTEE (EPEC)/INTERNATIONAL UNION OF OPERATING ENGINEERS","HICKEY, BRIAN E. MR.","1125 17TH ST, NW",,WASHINGTON,DC,20036,B,Q,UNK,M,L,"IUOE LOCAL 965 PEF",
C00507392,"ENCORE CAPITAL GROUP, INC. POLITICAL ACTION COMMITTEE","HIBBARD, SARAH ANNE MCELROY","3111 CAMINO DEL RIO NORTH","SUITE 1300","SAN DIEGO",CA,92108,U,Q,,M,C,"ENCORE CAPITAL GROUP, INC.",
C00432963,"AMERICAN ROLL-ON ROLL-OFF CARRIER GROUP, INC. FREEDOM PAC/ARC FREEDOM PAC","HENOCK, ARLEN MR.","188 BROADWAY",,"WOODCLIFF LAKE",NJ,07677,U,Q,,M,C,"AMERICAN ROLL-ON ROLL-OFF CARRIER GROUP, INC. FREEDOM PAC/ARC FREEDOM PAC",
C00264689,"ILLINOIS POLITICAL ACTIVE LETTER CARRIERS","HENIFF, JACK MR.","P.O. BOX 561",,"ORLAND PARK",IL,60462,U,Q,,M,L,"COMMITTEE ON LETTER CARRIERS POLITICAL EDUCATION (LETTER CARRIERS POLITICAL ACTION FUND)",
C00139519,"MOTION PICTURE ASSOCIATION OF AMERICA INC POLITICAL ACTION COMMITTEE","HENDERSON, ANNA","1600 I STREET, NW",,WASHINGTON,DC,20006,B,Q,,M,T,"MOTION PICTURE ASSOCIATION OF AMERICA, INC.",
C00300376,"THE DOCTORS COMPANY FEDERAL PAC (DOCPAC)","HEALY, ELIZABETH","185 GREENWOOD ROAD",,NAPA,CA,94558,U,Q,,M,M,"THE DOCTORS COMPANY",
C00388819,"PHARMACEUTICAL CARE MANAGEMENT ASSOCIATION POLITICAL ACTION COMMITTEE (PCMA PAC)","HEAFITZ, JONATHAN","601 PENNSYLVANIA AVENUE NW STE 740",,WASHINGTON,DC,20004,B,N,,Q,T,"PHARMACEUTICAL CARE MANAGEMENT ASSOCIATION",
C00405555,"NATIONAL COUNCIL OF TEXTILE ORGANIZATIONS INC POLITICAL ACTION COMMITTEE","HAYNES, ROBIN","469 HOSPITAL DR.","SUITE C",GASTONIA,NC,28054,U,Q,,Q,T,,
C00341271,"DAY & ZIMMERMANN INC FEDERAL PAC (AKA 'DAYPAC - FEDERAL')","HAWKINS, PRESTON MR.","1500 SPRING GARDEN STREET",,PHILADELPHIA,PA,19130,U,Q,,M,C,"DAY & ZIMMERMANN, INC.",
C00106146,"AMERICAN HOSPITAL ASSOCIATION PAC","HATTON, MELINDA MS.","800 TENTH STREET, NW","TWO CITYCENTER, SUITE 400",WASHINGTON,DC,200014956,B,Q,,M,T,"AMERICAN HOSPITAL ASSOCIATION",
C00311555,"BOB ETHERIDGE FOR CONGRESS COMMITTEE","HARRIS, OSCAR N.","POST OFFICE BOX 578",,DUNN,NC,28335,P,H,DEM,Q,,NONE,H6NC02080
C00104802,"DELTA AIR LINES POLITICAL ACTION COMMITTEE","HARRIS, MOLLY","1212 NEW YORK AVENUE NW","SUITE 200",WASHINGTON,DC,20005,B,Q,,M,C,"DELTA AIR LINES",
C00029348,"AMERICAN FOREST & PAPER ASSOCIATION POLITICAL ACTION COMMITTEE","HARMAN, DONNA","1101 K STREET, NW","SUITE 700",WASHINGTON,DC,20005,B,Q,,M,T,,
C00329185,"QUEST DIAGNOSTICS INCORPORATED POLITICAL ACTION COMMITTEE","HANSEN, GARRETT H.","300 NEW JERSEY AVENUE, NW","SUITE 900",WASHINGTON,DC,20001,B,Q,,M,C,"QUEST DIAGNOSTICS INCORPORATED",
C00141002,"EXELIS EMPLOYEES PAC / HARRIS CORPORATION","HANNA, TANIA","600 MARYLAND AVE., SW","SUITE 850E",WASHINGTON,DC,20024,B,Q,,T,C,,
C00032995,"AMALGAMATED TRANSIT UNION - COPE","HANLEY, LAWRENCE","10000 NEW HAMPSHIRE AVE.",,"SILVER SPRING",MD,20903,B,Q,,M,L,"AMALGAMATED TRANSIT UNION",
C00358440,"BALCH AND BINGHAM LLP FEDERAL POLITICAL COMMITTEE","HANCOCK, JAMES H. JR.","1710 SIXTH AVENUE NORTH",-,BIRMINGHAM,AL,35203,B,Q,,Q,,NONE,
C00393728,"TEXAS ASSOCIATION FOR HOME CARE & HOSPICE, INC. TEXAS HOME CARE & HOSPICE PAC- FEDERAL","HAMMON, RACHEL MS.","3737 EXECUTIVE CENTER DR STE 268",,AUSTIN,TX,78731,U,Q,,M,T,"TEXAS ASSOCIATION FOR HOME CARE AND HOSPICE, INC.",
C00279216,"IHEARTMEDIA, INC. - CLEAR CHANNEL OUTDOOR PAC","HAMILTON, SCOTT","200 E. BASSE ROAD",,"SAN ANTONIO",TX,78209,B,Q,,M,C,"IHEARTMEDIA, INC.",
C00432534,"COMMUNITY FINANCIAL SERVICES ASSOCIATION OF AMERICA POLITICAL ACTION COMMITTEE","HALLMAN, PAUL MR","515 KING STREET SUITE 300",,ALEXANDRIA,VA,22314,B,Q,,Q,T,"COMMUNITY FINANCIAL SERVICES ASSOCIATION OF AMERICA POLITICAL ACTION COMMITTEE",
C00032979,"D.R.I.V.E. - DEMOCRAT, REPUBLICAN, INDEPENDENT VOTER EDUCATION (THE PAC OF THE INTERNATIONAL BROTHERHOOD OF TEAMSTERS)","HALL, KEN","25 LOUISIANA AVE., NW",,WASHINGTON,DC,20001,U,Q,NNE,M,L,"INTERNATIONAL BROTHERHOOD OF TEAMSTERS",
C00497321,"VARGAS FOR CONGRESS ","HALEY, NANCY","330 ENCINITAS BLVD",,ENCINITAS,CA,920248705,P,H,DEM,Q,,,H2CA50026
C00431551,"TIME WARNER CABLE INC. FEDERAL POLITICAL ACTION COMMITTEE","H, PATRICK MR WILLIAMS","901 F STREET, NW","SUITE 800",WASHINGTON,DC,20004,B,Q,,T,C,,
C00489799,"PLANNED PARENTHOOD VOTES","GUSTAFSON, LIZ","123 WILLIAM ST, 10TH FLOOR",,"NEW YORK",NY,10038,U,O,,M,,,
C00078451,"GENERAL DYNAMICS CORPORATION POLITICAL ACTION COMMITTEE (GDC PAC)","GUO, HONG (ALICE) MRS","2941 FAIRVIEW PARK DR.","SUITE 100","FALLS CHURCH",VA,22042,B,Q,,M,C,"GENERAL DYNAMICS CORPORATION",
C00250068,"GROCERY MANUFACTURERS ASSOCIATION POLITICAL ACTION COMMITTEE ('GMA PAC')","GRUBER, MICHAEL MR.","1350 EYE STREET","SUITE 300",WASHINGTON,DC,20005,U,Q,,M,T,"GROCERY MANUFACTURERS ASSOCIATION POLITICAL ACTION COMMITTEE ('GMA PAC')",
C00016683,"PFIZER INC. PAC","GRUBER, JOSEPH","235 EAST 42ND STREET",,"NEW YORK",NY,10017,B,Q,UNK,M,C,"PFIZER INC.",
C00394031,"SYMANTEC CORPORATION POLITICAL ACTION COMMITTEE","GREENE, JEFFREY","700 13TH STREET NW, SUITE 1150",,WASHINGTON,DC,20005,B,Q,,M,C,"SYMANTEC CORPORATION",
C00233304,NAIOP-PAC,"GREENE, ELIZABETH R.","2201 COOPERATIVE WAY 3RD FLOOR",.,HERNDON,VA,20171,B,Q,,Q,T,"NAIOP, INC.",
C00417493,"PROGRESSIVE AMERICANS FOR DEMOCRACY","GREEN, JEF A","PO BOX 26246",,EUGENE,OR,97402,D,N,,M,,,
C00040584,"CONSUMER HEALTHCARE PRODUCTS ASSOCIATION PAC  (CHPA/PAC)","GREEN, BRIAN","1625 I STREET NW","SUITE 600",WASHINGTON,DC,20006,B,Q,NNE,M,T,"CONSUMER HEALTHCARE PRODUCTS ASSOCIATION",
C00042069,"MONSANTO COMPANY CITIZENSHIP FUND AKA MONSANTO CITIZENSHIP FUND","GREAF, ASHLEY","800 N. LINDBERGH BLVD.",,"ST. LOUIS",MO,63167,B,Q,NNE,M,C,"MONSANTO COMPANY",
C00333104,"THE AMERICAN SOCIETY OF PENSION PROFESSIONALS AND ACTUARIES POLITICAL ACTION COMMITTEE (ASPPA-NAPA PAC) A/K/A AMERICAN RETIREMENT ASSOCIATION POLITICAL ACTION COMMITTEE (ARA PAC)","GRAFF, BRIAN","4245 N. FAIRFAX DRIVE",,ARLINGTON,VA,22202,B,Q,,M,T,"AMERICAN SOCIETY OF PENSION PROFESSIONALS AND ACTUARIES",
C00506733,"CADENCE BANK, NA POLITICAL ACTION COMMITTEE","GOSSETT, CHRIS","2100 3RD AVENUE NORTH","SUITE 1100",BIRMINGHAM,AL,35203,U,Q,,Q,C,"CADENCE BANK, N.A.",
C00438051,"DISCOVER FINANCIAL SERVICES POLITICAL ACTION COMMITTEE","GORDON, TOD","500 8TH STREET NW SUITE 210",,WASHINGTON,DC,20004,U,Q,,M,C,"DISCOVER FINANCIAL SERVICES POLITICAL ACTION COMMITTEE",
C00410308,"SHORE PAC","GOODE, WARREN B","P.O. BOX 3157",,"LONG BRANCH",NJ,07740,D,Q,,M,,NONE,
C00494427,"TOGETHER PAC INC","GONZALES, ROSENDRY","123 LEWIS WHARF",,BOSTON,MA,02110,U,N,,T,,,
C00114132,"AMERICAN VETERINARY MEDICAL ASSOCIATION POLITICAL ACTION COMMITTEE","GODFREY, ERNEST DR.","1910 SUNDERLAND PLACE, NW",,WASHINGTON,DC,20036,B,Q,,M,M,"AMERICAN VETERINARY MEDICAL ASSOCIATION",
C00223230,"FRIENDS OF JOHN TANNER","GLASGOW, JAMES M. JR.","POST OFFICE BOX 1398",,"UNION CITY",TN,38281,P,H,DEM,Q,,NONE,H8TN08033
C00238725,"NATIONAL AIR TRAFFIC CONTROLLERS ASSOCIATION PAC","GILBERT, PATRICIA MRS.","1325 MASSACHUSETTS AVE., NW",,WASHINGTON,DC,20005,B,Q,,M,L,"NATIONAL AIR TRAFFIC CONTROLLERS ASSOCIATION",
C00503847,"TEXAS CORN PAC OF THE CORN PRODUCERS ASSOCIATION OF TEXAS","GIBSON, DAVID","4205 N INTERSTATE 27",,LUBBOCK,TX,79403,U,Q,,Q,M,,
C00423228,"AMERICAN GASTROENTEROLOGICAL ASSOCIATION INC. PAC","GIARDIELLO, FRANCIS M. MD","4926 DEL RAY AVENUE",,BETHESDA,MD,20814,B,Q,,M,T,"AMERICAN GASTROENTEROLOGICAL ASSOCIATION, INC.",
C00199711,"HEALTH CARE SERVICE CORPORATION EMPLOYEES' POLITICAL ACTION COMMITTEE","GERARD T. MALLEN","300 E. RANDOLPH","LEGAL DEPARTMENT",CHICAGO,IL,60601,B,Q,,M,C,,
C00380733,"MASSACHUSETTS BIOTECHNOLOGY COUNCIL INC. FEDERAL POLITICAL ACTION COMMITTEE","GEMMA W. MARTIN","300 TECHNOLOGY SQUARE, 8TH FLOOR",,CAMBRIDGE,MA,02139,B,N,,Q,T,,
C00408260,"THE GRANT THORNTON LLP POLITICAL ACTION COMMITTEE LLC","GAZZAWAY, TRENT","171 N. CLARK STREET","SUITE 200",CHICAGO,IL,60601,B,Q,,M,,NONE,
C00409979,"DYNCORP INTERNATIONAL LLC POLITICAL ACTION COMMITTEE","GASTRIGHT, JOHN","1700 OLD MEADOW ROAD",,MCLEAN,VA,22102,B,Q,,M,C,"DYNCORP INTERNATIONAL",
C00386904,"FAEGREBD PAC","GARVER, FREDERICK","300 N. MERIDIAN STREET","SUITE 2700",INDIANAPOLIS,IN,46204,U,Q,,M,C,,
C00395723,"ALSTON & BIRD PAC","GARRIS, DENNIS O.","THE ATLANTIC BUILDING","950 F STREET, NW",WASHINGTON,DC,200041404,B,Q,,M,M,,
C00008268,"TRANSPORT WORKERS UNION POLITICAL CONTRIBUTIONS COMMITTEE","GARCIA, ALEX","501 THIRD ST. NW 9TH FLOOR",,WASHINGTON,DC,20001,B,Q,,M,L,"TRANSPORT WORKERS UNION OF AMERICA",
C00545194,"SENTRY INSURANCE A MUTUAL COMPANY FEDERAL POLITICAL ACTION COMMITTEE","GANTZ, DWAYNE A","10 EAST DOTY STREET","SUITE 701",MADISON,WI,53703,U,Q,,Q,C,,
C00229203,"CHUBB GROUP HOLDINGS INC. LEGACY POLITICAL ACTION COMMITTEE","GANTER, THOMAS J.","15 MOUNTAIN VIEW ROAD",,WARREN,NJ,07059,B,Q,,T,C,,
C00105981,"INVESTMENT COMPANY INSTITUTE POLITICAL ACTION COMMITTEE","GALLARY, PETER MR","1401 H STREET NW SUITE 1200",,WASHINGTON,DC,20005,U,Q,,M,T,,
C00165621,"BINGHAM MCCUTCHEN LLP PAC","GALLANT, GARY","2020 K STREET NW",,WASHINGTON,DC,20006,B,Q,,T,W,,
C00000885,"INTERNATIONAL UNION OF PAINTERS AND ALLIED TRADES POLITICAL ACTION TOGETHER POLITICAL COMMITTEE","GALIS, GEORGE","7234 PARKWAY DRIVE",,HANOVER,MD,21076,B,Q,UNK,M,L,"INTERNATIONAL UNION OF PAINTERS AND ALLIED TRADES",
C00451336,"RICHMOND FOR CONGRESS","GAINES, MAPLE","1631 ELYSIAN FIELDS","SUITE 150","NEW ORLEANS",LA,70126,P,H,DEM,Q,,,H8LA02054
C00009936,"AMERICAN FEDERATION OF GOVT. EMPL. POLITICAL ACTION COMMITTEE","GAGE, JOHN MR.","80 F STREET, NW",,WASHINGTON,DC,20001,B,Q,UNK,M,L,"AMERICAN FEDERATION OF GOV'T EMPLOYEES",
C00127779,"PRUDENTIAL FINANCIAL INC. FEDERAL POLITICAL ACTION COMMITTEE (AKA - PRUDENTIAL FEDERAL PAC)","GABRIEL, ROMAN MR.","751 BROAD STREET","14TH FLOOR",NEWARK,NJ,071023777,B,Q,,M,C,"PRUDENTIAL FINANCIAL, INC.",
C00502294,"SWALWELL FOR CONGRESS","FULLER, SHANNON","P.O. BOX 2847",,DUBLIN,CA,94568,P,H,DEM,Q,,NONE,H2CA15094
C00005660,"AMERICAN ASSOCIATION OF ORAL AND MAXILLOFACIAL SURGEONS POLITICAL ACTION COMMITTEE","FRIEDMAN, JOEL","9700 WEST BRYN MAWR AVE.",,ROSEMONT,IL,60018,B,Q,UNK,M,M,"AMERICAN ASSOCIATION OF ORAL AND MAXILLOFACIAL SURGEONS",
C00078535,"DIRECT SELLING ASSOCIATION POLITICAL ACTION COMMITTEE","FRANCO, ADOLFO MR.","1667 K STREET, NW","SUITE 1100",WASHINGTON,DC,20006,B,Q,,Q,T,"DIRECT SELLING ASSOCIATION",
C00344325,"POLITICAL ACTION COMMITTEE OF THE INTERNATIONAL ALLIANCE OF THEATRICAL STAGE EMPLOYEES","FORD, JOHN","207 WEST 25TH STREET","4TH FLOOR","NEW YORK",NY,10001,U,Q,,M,L,"INTERNATIONAL ALLIANCE OF THEATRICAL STAGE EMPLOYEES",
C00494203,"FRIENDS OF ELIZABETH ESTY","FLYNN-HARRIS, PATTI","PO BOX 61",,CHESHIRE,CT,06410,P,H,DEM,Q,,"CONNECTICUT 5TH DISTRICT VICTORY FUND",H2CT05131
C00163832,"CSX CORPORATION GOOD GOVERNMENT FUND","FLIPPIN, STEPHEN","1331 PENNSYLVANIA AVE, NW, STE 560",,WASHINGTON,DC,20004,B,Q,,M,C,"CSX CORPORATION",
C00119008,"WASTE MANAGEMENT EMPLOYEES BETTER GOVERNMENT FUND","FISH, JAMES C. JR.","701 PENNSYLVANIA AVE., NW","SUITE 590",WASHINGTON,DC,20004,B,Q,,M,C,"WASTE MANAGEMENT",
C00193854,"AMERICAN PHARMACISTS ASSOCIATION POLITICAL ACTION COMMITTEE","FIRMAN, STEVE C","2215 CONSTITUTION AVENUE, NW",,WASHINGTON,DC,20037,B,Q,,Q,M,"AMERICAN PHARMACISTS ASSOCIATION",
C00330142,"LARSON FOR CONGRESS","FELDMAN, BARRY","PO BOX 261172",,HARTFORD,CT,061261172,P,H,DEM,Q,,NONE,H8CT01046
C00452763,"NEW SOUTH LEADERSHIP PAC","FALMLEN, SCOTT R","434 FAYETTEVILLE STREET","SUITE 2020",RALEIGH,NC,27601,D,N,,Q,,,
C00027359,"INT'L. ASSOCIATION OF BRIDGE, STRUCTURAL, ORNAMENTAL & REINFORCING IRON WORKERS (IPAL)","EVERS, BERNARD JR.","1750 NEW YORK AVE. NW","SUITE 400",WASHINGTON,DC,20006,B,Q,,M,L,"INT'L. ASSOCIATION OF BRIDGE, STRUCTURAL, ORNAMENTAL & REINFORCING IRON WORKERS",
C00028787,"NATIONAL CATTLEMEN'S BEEF ASSOCIATION POLITICAL ACTION COMMITTEE (NCBA-PAC)","EVANS, DOUG MR","1275 PENNSYLVANIA AVENUE NW","SUITE 801",WASHINGTON,DC,20004,B,Q,,M,T,"NATIONAL CATTLEMEN'S BEEF ASSOCIATION",
C00335570,"ACADIAN AMBULANCE SERVICE EMPLOYEE FEDERAL POLITICAL ACTION COMMITTEE, INC.","ERIN Z. LEBLANC","P.O. BOX 98000",,LAFAYETTE,LA,70509,U,Q,,M,C,,
C00000059,"HALLMARK CARDS PAC","ERIN BROWER","2501 MCGEE",MD#288,"KANSAS CITY",MO,64108,U,Q,UNK,M,C,,
C00004879,"AMERICAN BUS ASSOCIATION-BUSPAC POLITICAL ACTION COMMITTEE","ERIC BRAENDEL","111 K STREET NE","9TH FLOOR",WASHINGTON,DC,20002,U,Q,UNK,M,T,,
C00034595,"WELLS FARGO AND COMPANY EMPLOYEE PAC (AKA WELLS FARGO EMPLOYEE PAC)","EOLOFF, ANITA B. MRS.","SIXTH AND MARQUETTE","MAC N9305-16C",MINNEAPOLIS,MN,55479,B,Q,,M,C,"WELLS FARGO AND COMPANY NORTH CAROLINA EMPLOYEES GOOD GOVERNMENT FUND",
C00149104,"CHS INC. POLITICAL ACTION COMMITTEE","ENGELEN, JOHN","5500 CENEX DRIVE",,"INVER GROVE HTS",MN,55077,B,Q,,M,C,,
C00435933,"AMERICAN ACADEMY OF NEUROLOGY BRAINPAC","ENGEL, TIMOTHY J. MR.","401 C ST NE",,WASHINGTON,DC,20002,B,Q,,M,T,,
C00506907,"ASPIRE PAC","ENG, VINCENT","1126 16TH STREET, NW","SUITE 450",WASHINGTON,DC,20036,B,Q,,M,,NONE,
C00405241,"LIFETOUCH INC POLITICAL ACTION COMMITTEE","ELO, GLENN M","11000 VIKING DRIVE SUITE 400",,"EDEN PRAIRIE",MN,55344,U,Q,,M,C,"LIFETOUCH INC.",
C00296822,"ROLLS-ROYCE NORTH AMERICA HOLDINGS INC. PAC (ROLLS-ROYCE NORTH AMERICA PAC)","ELLIOTT, MICHAEL N.","1875 EXPLORER STREET, SUITE 200",,RESTON,VA,20190,B,Q,,M,C,"ROLLS-ROYCE NORTH AMERICA HOLDINGS INC.",
C00010322,"AMERICAN POSTAL WORKERS UNION COMMITTEE ON POLITICAL ACTION","ELIZABETH POWELL","1300 L STREET NW",,WASHINGTON,DC,20005,U,W,,Q,,,
C00264770,"AGRICULTURAL RETAILERS ASSOCIATION POLITICAL ACTION COMMITTE","EDWIN, TIMOTHY","1156 15TH STREET, NW","SUITE 500",WASHINGTON,DC,20005,B,Q,,M,T,"AGRICULTURAL RETAILERS ASSOCIATION",
C00046474,"FORD MOTOR COMPANY CIVIC ACTION FUND","EDIE, MARK","PO BOX 75000","MC 2250",DETROIT,MI,48275,B,Q,UNK,M,C,"FORD MOTOR COMPANY",
C00075291,"BRANCH BANK & TRUST POLITICAL ACTION COMMITTEE","ED SIMPSON","150 SOUTH STRATFORD ROAD","SUITE 401","WINSTON SALEM",NC,27104,U,Q,,M,C,BB&T,
C00039040,"WHIRLPOOL CORPORATION POLITICAL ACTION COMMITTEE","EBERSTEIN, JASON S","701 PENNSYLVANIA AVENUE NW","SUITE 750",WASHINGTON,DC,20004,B,Q,,M,C,"WHIRLPOOL CORPORATION",
C00012245,"UBS AMERICAS INC. POLITICAL ACTION COMMITTEE (UBS PAC)","DYRVIK, PER","677 WASHINGTON BOULEVARD","C/O PER DYRVIK",STAMFORD,CT,06901,B,Q,,M,C,"UBS AMERICAS INC.",
C00170258,"NATIONAL ASSOCIATION OF MUTUAL INSURANCE COMPANIES PAC","DYKSTRA, GREGG","3601 VINCENNES ROAD","PO BOX 68700",INDIANAPOLIS,IN,46268,B,Q,,M,T,,
C00303024,"LOCKHEED MARTIN CORPORATION EMPLOYEES' POLITICAL ACTION COMMITTEE","DUNCAN, LAWRENCE MR. III","2121 CRYSTAL DRIVE","SUITE 100",ARLINGTON,VA,22202,B,Q,,M,C,"LOCKHEED MARTIN CORPORATION",
C00024968,"AMERICAN OPTOMETRIC ASSOCIATION POLITICAL ACTION COMMITTEE","DUBRICK, FRED O.D.","1505 PRINCE STREET","SUITE 300",ALEXANDRIA,VA,22314,B,Q,UNK,M,M,"AMERICAN OPTOMETRIC ASSOCIATION",
C00274944,"COLLEGE OF AMERICAN PATHOLOGISTS POLITICAL ACTION COMMITTEE","DR. JOHN MICHAEL MISIALEK","1350 I STREET, NW","SUITE 590",WASHINGTON,DC,20005,B,Q,,M,M,,
C00527796,"DOCTOR VOICE 4 PATIENT CHOICE PAC","DR. ANTHONY J. KAMEEN","1123 STATE ROUTE 3 NORTH PMB 267",,GAMBRILLS,MD,20154,U,Q,,T,,,
C00373910,"GLOBAL BUSINESS TRAVEL ASSOCIATION PAC (BUSINESS TRAVEL PAC)","DOWNEY, SHANE","123 N. PITT ST",,ALEXANDRIA,VA,22314,B,Q,,M,T,"GLOBAL BUSINESS TRAVEL ASSOCIATION",
C00068528,"PACIFIC LIFE INSURANCE COMPANY POLITICAL ACTION COMMITTEE","DOUGLASS, PATRICIA","700 NEWPORT CENTER DRIVE",,"NEWPORT BEACH",CA,92660,B,Q,UNK,M,C,,
C00081547,"DTE ENERGY CO. PAC - FEDERAL","DOUGLAS J. ZIEMNICK","ONE ENERGY PLAZA","ROOM 1583 WCB",DETROIT,MI,48226,U,Q,,M,C,,
C00325936,"SOCIETY OF THORACIC SURGEONS POLITICAL ACTION COMMITTEE","DOUGLAS J. MATHISEN","20 F STREET, NW","SUITE 310 C",WASHINGTON,DC,200016704,B,Q,,M,M,,
C00122499,"AMERICAN ACADEMY OF PHYSICIAN ASSISTANTS POLITICAL ACTION COMMITTEE (PA PAC)","DORN, JENNIFER L.","2318 MILL ROAD","SUITE 1300",ALEXANDRIA,VA,22314,B,Q,,Q,M,"AMERICAN ACADEMY OF PHYSICIAN ASSISTANTS",
C00248716,"COMCAST CORPORATION & NBCUNIVERSAL POLITICAL ACTION COMMITTEE - FEDERAL","DORDELMAN, WILLIAM MR.","1701 JFK BLVD, 49TH FLOOR",,PHILADELPHIA,PA,19103,B,Q,,M,C,"COMCAST CORPORATION",
C00360529,"HINMAN STRAUB PAC (STATE STREET ASSOCIATES PAC)","DOOLAN, SEAN","121 STATE STREET",,ALBANY,NY,12207,U,N,,Q,C,"HINMAN STRAUB, PC",
C00484592,"NATIONAL BIODIESEL BOARD POLITICAL ACTION COMMITTEE","DONNELL M REHAGEN","605 CLARK AVENUE","PO BOX 104898","JEFFERSON CITY",MO,65101,B,Q,,M,T,,
C00225342,"MCGUIREWOODS LLP","DONATELLI, FRANK J.","ONE JAMES CENTER","901 E. CARY STREET",RICHMOND,VA,23219,B,Q,,M,C,NONE,
C00389288,"CHESAPEAKE ENERGY CORPORATION FED PAC","DILL, JOHN CHRISTOPHER","PO BOX 18496",,"OKLAHOMA CITY",OK,731540496,B,Q,,M,C,"CHESAPEAKE ENERGY CORPORATION",
C00075473,"CMS ENERGY CORPORATION EMPLOYEES FOR BETTER GOVERNMENT- FEDERAL","DENTON, TIM","ONE ENERGY PLAZA",EP8-220,JACKSON,MI,49201,B,Q,,M,C,"CMS ENERGY CORPORATION",
C00340083,"DEAN FOODS COMPANY POLITICAL ACTION COMMITTEE","DEGUIA, EDGAR","2711 NORTH HASKELL AVENUE","STE. 3400",DALLAS,TX,75204,B,Q,,M,C,"DEAN FOODS",
C00167668,"ARCH COAL INC. POLITICAL ACTION COMMITTEE (ARCHPAC)","DECK S. SLONE","CITYPLACE ONE",,"ST. LOUIS",MO,63141,B,Q,,Q,C,,
C00033779,"REAL ESTATE ROUNDTABLE POLITICAL ACTION COMMITTEE (REALPAC)","DEBOER, JEFFREY MR.","801 PENNSYLVANIA AVENUE","SUITE 720",WASHINGTON,DC,20004,B,Q,,M,T,"THE REAL ESTATE ROUNDTABLE",
C00359539,"AMERICAN ACADEMY OF DERMATOLOGY ASSOCIATION POLITICAL ACTION COMMITTEE (SKINPAC)","DEBNAR, STEVEN","1445 NEW YORK AVENUE NW","STE 800",WASHINGTON,DC,20005,B,Q,,M,T,"AMERICAN ACADEMY OF DERMATOLOGY ASSOCIATION",
C00438655,"TERADATA CORPORATION POLITICAL ACTION COMMITTEE","DAY, TMOTHY","7108 REBECCA DRIVE",,ALEXANDRIA,VA,22307,U,Q,,T,C,,
C00019653,"EDISON INTERNATIONAL PAC","DAVIDSON, CARY","515 S. FIGUEROA ST., STE. 1110",,"LOS ANGELES",CA,90071,B,Q,UNK,M,C,"EDISON INTERNATIONAL",
C00390633,"SCHOOLSFIRST FEDERAL CREDIT UNION EMPLOYEES FEDERAL PAC","DAVIDSON, CARY","515 S. FIGUEROA ST., STE. 1110",,"LOS ANGELES",CA,90071,U,Q,,M,M,"SCHOOLSFIRST FEDERAL CREDIT UNION",
C00392464,"UNIVERSAL MUSIC GROUP POLITICAL ACTION COMMITTEE","DAVIDSON, CARY","2220 COLORADO AVENUE",,"SANTA MONICA",CA,90404,B,Q,,M,C,"UNIVERSAL MUSIC GROUP",
C00435735,"UNIVISION COMMUNICATIONS INC. POLITICAL ACTION COMMITTEE","DAVIDSON, CARY","515 S. FIGUEROA ST., STE. 1110",,"LOS ANGELES",CA,90071,B,Q,,M,C,"UNIVISION COMMUNICATIONS, INC.",
C00430066,"KINECTA FEDERAL CREDIT UNION FEDERAL PAC","DAVIDSON, CARY","1440 ROSECRANS AVE.",,"MANHATTAN BEACH",CA,90266,U,Q,,M,M,"KINECTA FEDERAL CREDIT UNION",
C00416636,"STAMPS.COM, INC. PAC","DAVIDSON, CARY","515 S. FIGUEROA ST., STE. 1110",,"LOS ANGELES",CA,90071,U,N,,M,C,"STAMPS.COM, INC.",
C00509356,"MMC CORP POLITICAL ACTION COMMITTEE","DAVID CIMPL","10955 LOWELL AVE #350",,"OVERLAND PARK",KS,66210,U,Q,,Q,C,,
C00365502,"BWX TECHNOLOGIES, INC POLITICAL ACTION COMMITTEE","DAVID BLACK","2016 MT. ATHOS ROAD",,LYNCHBURG,VA,24504,B,Q,,M,C,,
C00040923,"METLIFE INC. EMPLOYEES' POLITICAL PARTICIPATION FUND A","DAVENPORT, NANCY S","1095 AVENUE OF THE AMERICAS",,"NEW YORK",NY,10036,B,Q,UNK,M,C,"METLIFE INC.",
C00563981,"FORWARD MASSACHUSETTS","DARRYL TATTRIE","1 EMERSON PLACE 16C",,BOSTON,MA,02114,U,O,,T,,,
C00035675,"BRISTOL-MYERS SQUIBB CO. EMPLOYEE POLITICAL ADVOCACY FUND FOR INNOVATION","DANIELS, CHRISTIAN","3401 PRINCETON PIKE",,LAWRENCEVILLE,NJ,08648,B,Q,UNK,M,C,"BRISTOL-MYERS SQUIBB CO.",
C00443960,"ROBERT PIDCOCK FOR CONGRESS","DANIEL FABER","4620-C JEFFERSON  LANE NE",,ALBUQUERQUE,NM,87109,P,H,DEM,Q,,,H8NM01299
C00039578,"THE COUNCIL OF INSURANCE AGENTS & BROKERS POLITICAL ACTION COMMITTEE","CRERAR, A. KEN","701 PENNSYLVANIA AVENUE, NW","SUITE 750",WASHINGTON,DC,200042608,B,Q,,M,M,"COUNCIL OF INSURANCE AGENTS & BROKERS",
C00193177,"FINANCIAL SERVICES ROUNDTABLE PAC","CREIGHTON, FRANCIS","600 13TH STREET, N.W.","SUITE 400",WASHINGTON,DC,200053005,B,Q,,M,T,"FINANCIAL SERVICES ROUNDTABLE, THE",
C00005157,"INTERNATIONAL BROTHERHOOD OF BOILERMAKERS CAMPAIGN ASSISTANCE FUND","CREEDEN, WILLIAM","753 STATE AVE.","SUITE 565","KANSAS CITY",KS,66101,B,Q,,M,L,"INTERNATIONAL BROTHERHOOD OF BOILERMAKERS, IRON SHIP BUILDERS, BLACKSMITHS, FORGERS & HELP",
C00254953,"BROOKE HOLDINGS LLC AND JACKSON NATIONAL LIFE INSURANCE COMPANY SEPARATE SEGREGATED FUND (JACKSON NATIONAL PAC)","COSTELLO, MICHAEL","1 CORPORATE WAY",,LANSING,MI,48951,B,Q,,M,C,"BROOKE HOLDINGS LLC",
C00105973,"UTAH STATE DEMOCRATIC COMMITTEE","CORROON, PETER","825 N 300 W STE C400",,"SALT LAKE CITY",UT,84103,U,Y,DEM,M,,"ASDC DOLLARS FOR DEMOCRATS",
C00193433,"EMILY'S LIST","COOPER, RANNY MS.","1800 M STREET, NW","STE 375N",WASHINGTON,DC,20036,U,Q,,M,M,"EMILY'S LIST WOMEN VOTE",
C00214981,"TEXAS FARM BUREAU FRIENDS OF AGRICULTURE FUND (AGFUND) INC. (TEXAS FARM BUREAU AGFUND)","COOK, SI E.","7420 FISH POND ROAD","PO BOX 2689",WACO,TX,76702,B,Q,,M,M,"TEXAS FARM BUREAU",
C00540518,"CAPITAL GROUP COMPANIES INC POLITICAL ACTION COMMITTEE; THE","CONDON, THOMAS J","333 S HOPE STREET",,"LOS ANGELES",CA,900711447,U,Q,,M,C,"THE CAPITAL GROUP COMPANIES, INC",
C00345793,"RELX INC. POLITICAL ACTION COMMITTEE","COMSTOCK, EDWARD R.","1150 18TH ST., NW, #600",,WASHINGTON,DC,20036,B,Q,,M,C,"RELX INC.",
C00252940,"LEAGUE OF CONSERVATION VOTERS ACTION FUND","COLLINS, PATRICK","1920 L ST NW SUITE 800",,WASHINGTON,DC,20036,B,Q,,M,M,"LEAGUE OF CONSERVATION VOTERS",
C00013748,"NORTH DAKOTA DEMOCRATIC-NONPARTISAN LEAGUE PARTY","COLLEEN POPELKA","1902 E DIVIDE AVE",,BISMARCK,ND,58501,U,Y,DEM,M,,,
C00262295,"CTIA - THE WIRELESS ASSOCIATION POLITICAL ACTION COMMITTEE","COLE, KELLY MS.","1400 16TH STREET NW","SUITE 600",WASHINGTON,DC,20036,B,Q,,M,T,"CTIA - THE WIRELESS ASSOCIATION",
C00327023,"SCHAKOWSKY FOR CONGRESS","COHEN, MELANIE ROVNER","P.O. BOX 5130",,EVANSTON,IL,60204,P,H,DEM,Q,,NONE,H8IL09067
C00332643,"BRYAN CAVE LLP POLITICAL ACTION COMMITTEE","CHRISTOPHER RODGERS","1155 F STREET NW","SUITE 700",WASHINGTON,DC,20004,B,Q,,M,,,
C00332841,"INDEPENDENT BANKERS ASSOCIATION OF TEXAS (IBAT FEDPAC)","CHRISTOPHER L WILLISTON","1700 RIO GRANDE ST., STE. 100",,AUSTIN,TX,78701,U,Q,,Q,T,"INDEPENDENT COMMUNITY BANKERS POLITICAL ACTION COMMITTEE (IBPAC)",
C00400929,"AMERISOURCEBERGEN CORPORATION POLITICAL ACTION COMMITTEE (ABC PAC)","CHOU, JOHN G. MR.","1300 MORRIS DRIVE","SUITE 100",CHESTERBROOK,PA,19355,B,Q,,M,C,"AMERISOURCEBERGEN CORPORATION",
C00376376,"THE TRAVELERS COMPANIES, INC. POLITICAL ACTION COMMITTEE (T-PAC)","CHIPPS, KATIE","ONE TOWER SQUARE",,HARTFORD,CT,06183,B,Q,,M,C,"THE TRAVELERS COMPANIES, INC.",
C00425686,"AMERICAN CONCRETE PIPE ASSOCIATION PAC","CHILDS, MATTHEW","1303 W. WALNUT HILL LN.","SUITE 305",IRVING,TX,75038,U,Q,,Q,T,"AMERICAN CONCRETE PIPE ASSOCIATION",
C00411116,"SPACE EXPLORATION TECHNOLOGIES CORP. PAC","CHI, TONY","1030 15TH STREET, NW","SUITE 220 E",WASHINGTON,DC,20005,B,Q,,M,C,"SPACE EXPLORATION TECHNOLOGIES CORP.",
C00130773,"NATIONAL MULTIFAMILY HOUSING COUNCIL POLITICAL ACTION COMMITTEE","CHETTI, CYNTHIA MS.","1775 EYE ST. NW","SUITE 1100",WASHINGTON,DC,20006,B,Q,,M,T,"NATIONAL MULTIFAMILY HOUSING COUNCIL",
C00119776,"GEORGIA POWER COMPANY FEDERAL PAC INC","CHERRY, PEDRO","241 RALPH MCGILL BOULEVARD NE",,ATLANTA,GA,30308,B,Q,,M,C,"SOUTHERN COMPANY EMPLOYEES PAC",
C00438697,"LATTA FOR CONGRESS","CHARTERS, THERESA MS.","PO BOX 106",,"BOWLING GREEN",OH,434020106,P,H,REP,Q,,"2012 JORDAN LATTA VICTORY COMMITTEE",H8OH05036
C00306894,"MANAGED FUNDS ASSOCIATION POLITICAL ACTION COMMITTEE","CHARON, MARC MR.","600 14TH STREET, NW","SUITE 900",WASHINGTON,DC,20005,B,Q,,M,M,"MANAGED FUNDS ASSOCIATION",
C00344788,"ALL AMERICA PAC","CHARLES, DENNIS","850 FORT WAYNE AVE",,INDIANAPOLIS,IN,46204,D,Q,,Q,,"EVAN BAYH",
C00165159,"REPUBLICAN MAINSTREET PARTNERSHIP PAC","CHAMBERLAIN RESNICK, SARAH","C/O G&W 2201 WISCONSIN AVE., NW","SUITE 320",WASHINGTON,DC,20007,U,Q,,M,M,NONE,
C00002469,"MACHINISTS NON PARTISAN POLITICAL LEAGUE OF THE INTERNATIONAL ASSOCIATION OF MACHINISTS & AEROSPACE WORKERS","CERVANTES, DORA MS.","9000 MACHINISTS PLACE",,"UPPER MARLBORO",MD,20772,B,Q,NNE,M,L,"INTERNATIONAL ASSOCIATION OF MACHINISTS AND AEROSPACE WORKERS",
C00128918,"PRINCIPAL LIFE INSURANCE COMPANY POLITICAL ACTION COMMITTEE","CAVANAUGH, JAMES MR.","711 HIGH STREET","GOVERNMENT RELATIONS","DES MOINES",IA,503920002,B,Q,,M,C,"PRINCIPAL LIFE INSURANCE COMPANY",
C00035451,"AIR LINE PILOTS ASSOCIATION PAC","CASSIDY, P. SEAN","1625 MASSACHUSETTS AVE. NW",,WASHINGTON,DC,20036,B,Q,,M,L,"AIR LINE PILOTS ASSOCIATION",
C00366468,"CORRECTIONS CORPORATION OF AMERICA POLITICAL ACTION COMMITTEE","CARTER, COLE G.","10 BURTON HILLS BOULEVARD",,NASHVILLE,TN,37215,B,Q,,M,C,"CORRECTIONS CORPORATION OF AMERICA",
C00039016,"CLIFFS NATURAL RESOURCES  INC. POLITICAL ACTION COMMITTEE (CLIFFSPAC)","CARTELLA, DAVID T.","200 PUBLIC SQUARE","SUITE 3300","CLEVELAND,",OH,441142315,B,Q,UNK,M,C,"CLIFFS NATURAL RESOURCES INC.",
C00372441,"VISION COUNCIL OF AMERICA POLITICAL ACTION COMMITTEE","CARROLL, BRIAN P.","225 REINEKER LANE","SUITE 700",ALEXANDRIA,VA,22314,B,Q,,M,T,"VISION COUNCIL OF AMERICA",
C00478099,"ATLAS AIR WORLDWIDE HOLDINGS, INC. POLITICAL ACTION COMMITTEE","CARRICO, EMIDIO","2000 WESTCHESTER AVENUE",,PURCHASE,NY,105772543,B,Q,,M,C,"ATLAS AIR WORLDWIDE HOLDINGS, INC.",
C00364778,"BANK OF AMERICA CORPORATION FEDERAL PAC","CARLISLE, JAMES R. JR.","1455 PENNSYLVANIA AVE, SUITE 950",DC8-455-09-01,WASHINGTON,DC,200041043,B,Q,,M,C,"BANK OF AMERICA CORPORATION STATE AND FEDERAL PAC",
C00382275,"BUTLER SNOW POLITICAL ACTION COMMITTEE","CARDIN, TOMMIE MR.","P. O. BOX 22567","17TH FLOOR REGIONS PLAZA",JACKSON,MS,392252567,U,Q,,Q,,NONE,
C00426775,"CHARTER COMMUNICATIONS INC. POLITICAL ACTION COMMITTEE","CANCIENNE, PAUL MR. II","400 ATLANTIC STREET","10TH FLOOR",STAMFORD,CT,06901,B,Q,,M,C,"CHARTER COMMUNICATIONS INC.",
C00251009,"UNITED PILOTS PAC/UNITED AIRLINES MASTER EXECUTIVE COUNCIL","CAMERON, RICHARD FRAZIER","9550 W. HIGGINS RD.","SUITE 1000",ROSEMONT,IL,60018,U,Q,,M,L,"AIR LINE PILOTS ASSOCIATION PAC",
C00118943,"MASSACHUSETTS MUTUAL LIFE INSURANCE COMPANY POLITICAL ACTION COMMITTEE","C., BRUCE MR. FRISBIE","1295 STATE STREET",,SPRINGFIELD,MA,011110001,B,Q,,M,W,"MASSACHUSETTS MUTUAL LIFE INSURANCE COMPANY",
C00367920,"OPPENHEIMERFUNDS, INC. POLITICAL ACTION COMMITTEE","C., BRUCE MR. FRISBIE","1295 STATE STREET",,SPRINGFIELD,MA,011110001,B,Q,,M,C,"OPPENHEIMERFUNDS, INC.",
C00092957,"NATIONAL ASSOCIATION OF POSTAL SUPERVISORS PAC","BUTTS, IVAN D. MR.","1727 KING ST","SUITE 400",ALEXANDRIA,VA,22311,B,Q,,M,T,"NATIONAL ASSOCIATION OF POSTAL SUPERVISORS",
C00297184,"SSL POLITICAL ACTION COMMITTEE","BURNS,  JAMES L.  ","180 MAIDEN LANE",,"NEW YORK",NY,100384982,U,Q,,M,,,
C00341800,"AIRPORTS COUNCIL INTERNATIONAL-NORTH AMERICA PAC","BURKE, KEVIN","1615 L ST NW","SUITE 300",WASHINGTON,DC,20036,U,Q,,Q,T,"AIRPORTS COUNCIL INTERNATIONAL-NORTH AMERICA",
C00128231,"INTERNATIONAL DAIRY FOODS ASSOCIATION (IDFA) - ICE CREAM, MILK & CHEESE PAC","BURCH, ASHLEY MS.","1250 H STREET, NW","SUITE 900",WASHINGTON,DC,20005,B,Q,,M,T,"INTERNATIONAL DAIRY FOODS ASSOCIATION",
C00093054,"WAL-MART STORES INC. PAC FOR RESPONSIBLE GOVERNMENT","BRYANT, DANIEL","702 S.W. 8TH STREET",,BENTONVILLE,AR,727160150,B,Q,,M,C,"WAL-MART STORES INC.",
C00099234,"BROTHERHOOD OF LOCOMOTIVE ENGINEERS & TRAINMEN PAC FUND","BRUNO, J STEPHEN","7061 EAST PLEASANT VALLEY ROAD",,INDEPENDENCE,OH,44131,U,Q,,M,L,,
C00141218,"EXELON CORPORATION POLITICAL ACTION COMMITTEE (EXELON PAC)","BROWN, R. SCOTT","101 CONSTITUTION AVENUE NW","SUITE 400 EAST",WASHINGTON,DC,20001,B,Q,,M,C,"EXELON CORPORATION",
C00275529,"FIRSTCASH, INC. POLITICAL ACTION COMMITTEE","BROWN, HURSHELL MR.","1600 W. 7TH STREET",,"FORT WORTH",TX,761022599,U,Q,,M,C,"FIRSTCASH, INC.",
C00418269,"AMERICAN COMMERCIAL LINES INC. PAC","BROWN, DOUGLAS","1701 EAST MARKET STREET",,JEFFERSONVILLE,IN,47130,U,Q,,M,C,"AMERICAN COMMERCIAL LINES INC. PAC",
C00107235,"PRICEWATERHOUSECOOPERS POLITICAL ACTION COMMITTEE I","BROOKS, ROSLYN MRS.","600 13TH STREET, NW","SUITE 1000",WASHINGTON,DC,20005,B,Q,,M,M,,
C00489096,"VRIDE POLITICAL ACTION COMMITTEE (VRIDE INC PAC)","BROGAN, RICHARD J JR.","1220 RANKIN DRIVE",,TROY,MI,48083,U,N,,Q,C,"VRIDE INC",
C00421487,"PRAGMATICS INCORPORATED POLITICAL ACTION COMMITTEE","BROCK, JOE","1761 BUSINESS CENTER DR",,RESTON,VA,20190,U,Q,,M,C,"PRAGMATICS INCORPORATED POLITICAL ACTION COMMITTEE",
C00211037,"PEANUTPAC OF ALABAMA","BRISTOW, CALEB L.","P. O. BOX 10182",,DOTHAN,AL,36304,U,Q,,Q,M,"ALABAMA PEANUT PRODUCERS ASSOCIATION",
C00111567,"SUNTRUST BANK GOOD GOVERNMENT GROUP FLORIDA","BRINKLEY, LINDA MS.","215 SOUTH MONROE STREET SUITE 125",.,TALLAHASSEE,FL,32301,U,Q,,M,C,"SUNTRUST BANK GOOD GOVERNMENT GROUP GEORGIA",
C00244863,"NATIONAL ROOFING CONTRACTORS ASSOCIATION ROOF PAC","BRIGHTUP, CRAIG","324 FOURTH STREET NE",,WASHINGTON,DC,20002,B,Q,,M,T,"NATIONAL ROOFING AND CONTRACTORS ASSOCIATION",
C00406215,"NATIONWIDE MUTUAL INSURANCE COMPANY FINANCIAL & INVESTMENTS POLITICAL ACTION COMMITTEE","BREWSTER, BEN MR.","ONE NATIONWIDE PLAZA, 1-32-301",,COLUMBUS,OH,43215,B,Q,,M,C,"NATIONWIDE MUTUAL INSURANCE COMPANY",
C00388983,"ARCADIS U.S. INC. POLITICAL ACTION COMMITTEE (ARCADIS PAC)","BRANDON, C. MR. WILLIAMS","630 PLAZA DRIVE, SUITE 100",,"HIGHLANDS RANCH",CO,801292377,B,Q,,M,C,"ARCADIS U.S. INC.",
C00117861,"LOCKE LORD LLP PAC","BRANDON LOBB","600 TRAVIS STREET","SUITE 2800",HOUSTON,TX,77002,U,Q,,M,M,,
C00076182,"NATIONAL TURKEY FEDERATION POLITICAL ACTION COMMITEE/TURPAC","BRANDENBERGER, JOEL","1225 NEW YORK AVE NW","STE 400",WASHINGTON,DC,20005,U,Q,,Q,T,,
C00365122,"VISA, INC. POLITICAL ACTION COMMITTEE","BRADSHAW, R. PACE","325 7TH STREET, NW","SUITE 800",WASHINGTON,DC,20004,B,Q,,M,C,,
C00204008,"NATIONAL FUNERAL DIRECTORS ASSOCIATION OF THE UNITED STATES INC","BOWMAN, CHARLES T","13625 BISHOPS DRIVE",,BROOKFIELD,WI,53005,U,Q,,Q,M,NONE,
C00024752,"MATSON, INC. FEDERAL ELECTION COMMITTEE","BOWLER, BENEDICT J.","555 12TH STREET","8TH FLOOR",OAKLAND,CA,94607,U,Q,UNK,M,C,"MATSON, INC. FEDERAL ELECTION COMMITTEE",
C00427856,"SANTA BARBARA COUNTY DEMOCRATIC CENTRAL COMMITTEE FEDERAL PAC","BOSS RAMIREZ, LUCILLE","5429 MADISON AVENUE",,SACRAMENTO,CA,95841,U,X,DEM,M,,NONE,
C00105338,"FOLEY & LARDNER POLITICAL FUND, INC.","BORNSTEIN, THEODORE H. MR.","3000 K STREET NW",,WASHINGTON,DC,20007,B,Q,,M,M,NONE,
C00384735,"FRIENDS OF JOHN BARROW","BORDEAUX, TOM","PO BOX 83142",,GAITHERSBURG,MD,20883,P,H,DEM,Q,,,H4GA12010
C00011262,"BROTHERHOOD OF RAILROAD SIGNALMEN POLITICAL ACTION COMMITTEE","BOLES, JERRY C","917 SHENANDOAH SHORES ROAD",,"FRONT ROYAL",VA,22630,B,Q,UNK,M,L,,
C00284885,"THE HOME DEPOT INC. POLITICAL ACTION COMMITTEE","BOHRER, SCOTT MR.","1155 F STREET, NW","SUITE 400",WASHINGTON,DC,20004,B,Q,,M,C,"THE HOME DEPOT INC.",
C00376590,"ILLINOIS CORN GROWERS ASSOCIATION POLITICAL INVOLVEMENT FUND-FEDERAL","BLUNIER, STANLEY","PO BOX 1623",,BLOOMINGTON,IL,61702,U,Q,,Q,M,"ILLINOIS CORN GROWERS ASSOCIATION",
C00251876,"AMGEN INC. POLITICAL ACTION COMMITTEE","BLATTER, VICTORIA","601 13TH STREET, NW","12TH FLOOR",WASHINGTON,DC,20005,B,Q,,M,C,"AMGEN INC.",
C00385179,"HORIZON LINES LLC ASSOCIATES GOOD GOV'T FUND (HORIZON LINES ASSOCIATES GOOD GOV'T FUND)","BLANKENSHIP, MARK","2550 WEST TYVOLA ROAD","SUITE 530, COLISEUM 3",CHARLOTTE,NC,28217,B,Q,,T,C,,
C00159954,"O'MELVENY & MYERS POLITICAL ACTION COMMITTEE","BLALACK, K. LEE","1625 EYE STREET, NW",,WASHINGTON,DC,200064001,B,Q,,M,M,NONE,
C00247569,"HEALTHCARE DISTRIBUTION ALLIANCE POLITICAL ACTION COMMITTEE","BITTMAN, ANN W. MS.","901 N. GLEBE ROAD","SUITE 1000",ARLINGTON,VA,22203,B,Q,,M,T,"HEALTHCARE DISTRIBUTION ALLIANCE",
C00164145,"UNITED SERVICES AUTOMOBILE ASSOCIATION EMPLOYEE PAC - USAA EMPLOYEE PAC","BISHOP, LAURA M MRS.","9800 FREDERICKSBURG ROAD",,"SAN ANTONIO",TX,78288,B,Q,,M,W,,
C00405076,"BEST BUY CO., INC EMPLOYEE POLITICAL FORUM","BISHOP, LAURA","7601 PENN AVENUE SOUTH",,RICHFIELD,MN,55423,B,Q,,M,C,,
C00331769,"BARBARA LEE FOR CONGRESS","BINION, LORAINE","505 14TH ST, SUITE 900",,OAKLAND,CA,94612,P,H,DEM,Q,,,H8CA09060
C00166223,"ASSOCIATION OF PROGRESSIVE RENTAL ORGANIZATIONS POLITICAL ACTION COMMITTEE","BILL KEESE","1504 ROBIN HOOD TRAIL",-,AUSTIN,TX,78703,U,Q,,M,M,"ASSOCIATION OF PROGRESSIVE RENTAL ORGANIZATIONS POLITICAL ACTION COMMITTEE",
C00009639,"SUNTRUST BANK GOOD GOVERNMENT GROUP - GEORGIA","BEYERS, CHRISTIAN D. MR.","P.O. BOX 4418","MC 041",ATLANTA,GA,30303,U,Q,NNE,M,C,"SUNTRUST BANK (CONNECTED), TENNESSEE, MID-ATLANTIC, FL, NC",
C00096156,"HONEYWELL INTERNATIONAL POLITICAL ACTION COMMITTEE","BERNARDS, STACEY","101 CONSTITUTION AVE. NW","SUITE 500 WEST",WASHINGTON,DC,20001,B,Q,,M,C,"HONEYWELL INTERNATIONAL",
C00374447,"AECOM PAC","BERNAL, RICARDO","2450 CRYSTAL DRIVE","SUITE 500",ARLINGTON,VA,22202,B,Q,,M,C,,
C00431312,"SECURITIES INDUSTRY AND FINANCIAL MARKETS ASSOCIATION POLITICAL ACTION COMMITTEE","BENTSEN, KENNETH E. MR. JR.","1101 NEW YORK AVENUE, NW","8TH FLOOR",WASHINGTON,DC,20005,B,Q,,M,T,"SECURITIES INDUSTRY AND FINANCIAL MARKETS ASSOCIATION",
C00307991,"DNC PAC","BENOIT, NANCY","ONE PARK ROW","SUITE 5",PROVIDENCE,RI,02903,U,Q,,M,,,
C00095869,"POWERPAC OF THE EDISON ELECTRIC INSTITUTE","BEIS, TAYLOR A. MR.","701 PENNSYLVANIA AVENUE NW",,WASHINGTON,DC,20004,B,Q,NNE,M,T,"EDISON ELECTRIC INSTITUTE",
C00126763,"NATIONAL ASSOCIATION OF CONVENIENCE STORES POLITICAL ACTION COMMITTEE","BECKWITH, LYLE MR.","1600 DUKE STREET",,ALEXANDRIA,VA,22314,B,Q,,M,T,"NATIONAL ASSOCIATION OF CONVENIENCE STORES",
C00004994,"PROFESSIONAL INSURANCE AGENTS POLITICAL ACTION COMMITTEE","BECKER, MIKE MR.","400 N. WASHINGTON STREET",,ALEXANDRIA,VA,22314,B,Q,NNE,M,T,"NATIONAL ASSOCIATION OF PROFESSIONAL INSURANCE AGENTS",
C00417774,"CALIFORNIA COAST CREDIT UNION FEDERAL PAC","BAUER, DAVID","2150 RIVER PLAZA DR., SUITE 150",,SACRAMENTO,CA,95833,U,Q,,M,C,"CALIFORNIA COAST CREDIT UNION",
C00197749,"THE WALT DISNEY PRODUCTIONS EMPLOYEES PAC","BATES, RICHARD","425 3RD STREET SW, SUITE 1100",,WASHINGTON,DC,20024,B,Q,,M,C,"WALT DISNEY PRODUCTIONS",
C00236760,"ULLICO INC. POLITICAL ACTION COMMITTEE (ULLIPAC)","BARRA, DAVID","1625 EYE ST NW",,WASHINGTON,DC,20006,U,Q,,M,C,"ULLICO INC",
C00041939,"ELECTRICAL WORKERS VOLUNTARY, POL, EDU & LEG FUND IBEW LOCAL UNION NO 1","BARDY, JAMES E","5850 ELIZABETH AVE",,"ST. LOUIS",MO,63110,U,Q,UNK,Q,L,"IBEW LOCAL UNION NO 1",
C00448324,"SMITHS GROUP SERVICES CORPORATION POLITICAL ACTION COMMITTEE","BANNISTER, TAYLOR","425 3RD ST SW","SUITE 875",WASHINGTON,DC,20024,B,Q,,M,C,,
C00074096,"THE DOW CHEMICAL COMPANY EMPLOYEES PAC (DOWPAC)","BAKER, DENISE A.","2030 DOW CENTER",,MIDLAND,MI,48674,B,Q,,M,C,"THE DOW CHEMICAL COMPANY",
C00332833,"CARDINAL HEALTH INC. PAC AKA CARDINAL HEALTH COMPANIES PAC","BAKER, CASSI","7000 CARDINAL PLACE",,DUBLIN,OH,43017,B,Q,,M,C,"CARDINAL HEALTH INC.",
C00160770,"WALGREEN CO PAC","BAISE, JOEL","104 WILMOT ROAD","MS #1459",DEERFIELD,IL,60015,B,Q,,M,C,"WALGREEN CO",
C00143438,"FRIENDS OF BYRON DORGAN","B. TIMOTHY DURICK","C/O CAPITOL COMPLIANCE ASSOCIATES","918 PENNSYLVANIA AVE SE",WASHINGTON,DC,20003,P,S,DEM,Q,,,S2ND00040
C00195628,"PRICE FOR CONGRESS","AUMAN, ROSE","P.O. BOX 1986",,RALEIGH,NC,27602,P,H,DEM,Q,,,H6NC04037
C00501106,"ALCOA CORPORATION EMPLOYEES' POLITICAL ACTION COMMITTEE","ATKINS, SUSAN L.","1050 K ST. NW","STE 1175",WASHINGTON,DC,200014949,B,Q,,M,C,"ALCOA CORPORATION",
C00445981,"POLSINELLI PAC","ARREDONDO, JULIAN","1401 EYE STREET, NW","SUITE 800",WASHINGTON,DC,20005,U,Q,,Q,C,,
C00114694,"AIRLINES FOR AMERICA (A4A) POLITICAL ACTION COMMITTEE","ARCHAMBEAULT, PAUL MR","1301 PENNSYLVANIA AVENUE NW",,WASHINGTON,DC,20004,B,Q,,M,T,"AIRLINES FOR AMERICA (A4A)",
C00108209,"DOMINION RESOURCES, INC. POLITICAL ACTION COMMITTEE - DOMINION PAC","APPLEWHITE, HUNTER","ONE JAMES RIVER PLAZA, 20TH FLOOR","P.O. BOX 26666",RICHMOND,VA,23261,B,Q,,M,C,"DOMINION RESOURCES, INC.",
C00376343,"NATIONAL CORN GROWERS ASSOCIATION (NCGA)","APPLETON, BROOKE SHUPE MS.","20 F STREET NW","SUITE 600",WASHINGTON,DC,20001,B,Q,,M,T,"NATIONAL CORN GROWERS ASSOCIATION",
C00067231,"HCA INC. GOOD GOVERNMENT FUND","ANDERSON, DAVID","PO BOX 550","ONE PARK PLAZA",NASHVILLE,TN,37203,B,Q,,M,C,"HCA, INC.",
C00270041,"THE MARTY MEEHAN FOR CONGRESS COMMITTEE","ANASTOPOULOS, MARY","28 JOHNSON ROAD",,ANDOVER,MA,01810,P,H,DEM,Q,,,H2MA05054
C00280222,"KPMG PARTNERS/PRINCIPALS AND EMPLOYEES PAC","ALLIS, STEPHEN E.","1801 K STREET, NW",,WASHINGTON,DC,20006,B,Q,,M,,NONE,
C00371062,"CAITHNESS CORPORATION PAC","AIN, ROSS D.","565 FIFTH AVENUE","29TH FLOOR","NEW YORK",NY,10017,U,N,,M,C,"CAITHNESS CORPORATION",
C00012914,"AMERICAN LAND TITLE ASSOCIATION TITLE INDUSTRY PAC (TIPAC)","AILES, JUSTIN B.","1800 M ST, NW","SUITE 300S",WASHINGTON,DC,20036,B,Q,,M,T,"AMERICAN LAND TITLE ASSOCIATION",
